.\GameTT.def(4): warning LNK4017: DESCRIPTION statement not supported for the target platform; ignored
     Creating library .\Release\GameTT.lib and object .\Release\GameTT.exp
PlayMovieInterface.obj : error LNK2001: unresolved external symbol "void __cdecl NStr::SplitString(class std::basic_string<char,struct std::char_traits<char>,class std::allocator<char> > const &,class std::vector<class std::basic_string<char,struct std::char_traits<char>,class std::allocator<char> >,class std::allocator<class std::basic_string<char,struct std::char_traits<char>,class std::allocator<char> > > > &,char)" (?SplitString@NStr@@YAXABV?$basic_string@DU?$char_traits@D@std@@V?$allocator@D@2@@std@@AAV?$vector@V?$basic_string@DU?$char_traits@D@std@@V?$allocator@D@2@@std@@V?$allocator@V?$basic_string@DU?$char_traits@D@std@@V?$allocator@D@2@@std@@@2@@3@D@Z)
MissionObjectFactory.obj : error LNK2001: unresolved external symbol "void __cdecl NStr::SplitString(class std::basic_string<char,struct std::char_traits<char>,class std::allocator<char> > const &,class std::vector<class std::basic_string<char,struct std::char_traits<char>,class std::allocator<char> >,class std::allocator<class std::basic_string<char,struct std::char_traits<char>,class std::allocator<char> > > > &,char)" (?SplitString@NStr@@YAXABV?$basic_string@DU?$char_traits@D@std@@V?$allocator@D@2@@std@@AAV?$vector@V?$basic_string@DU?$char_traits@D@std@@V?$allocator@D@2@@std@@V?$allocator@V?$basic_string@DU?$char_traits@D@std@@V?$allocator@D@2@@std@@@2@@3@D@Z)
WorldClient.obj : error LNK2001: unresolved external symbol "void __cdecl NStr::SplitString(class std::basic_string<char,struct std::char_traits<char>,class std::allocator<char> > const &,class std::vector<class std::basic_string<char,struct std::char_traits<char>,class std::allocator<char> >,class std::allocator<class std::basic_string<char,struct std::char_traits<char>,class std::allocator<char> > > > &,char)" (?SplitString@NStr@@YAXABV?$basic_string@DU?$char_traits@D@std@@V?$allocator@D@2@@std@@AAV?$vector@V?$basic_string@DU?$char_traits@D@std@@V?$allocator@D@2@@std@@V?$allocator@V?$basic_string@DU?$char_traits@D@std@@V?$allocator@D@2@@std@@@2@@3@D@Z)
encyclopedia.obj : error LNK2001: unresolved external symbol "void __cdecl NStr::SplitString(class std::basic_string<char,struct std::char_traits<char>,class std::allocator<char> > const &,class std::vector<class std::basic_string<char,struct std::char_traits<char>,class std::allocator<char> >,class std::allocator<class std::basic_string<char,struct std::char_traits<char>,class std::allocator<char> > > > &,char)" (?SplitString@NStr@@YAXABV?$basic_string@DU?$char_traits@D@std@@V?$allocator@D@2@@std@@AAV?$vector@V?$basic_string@DU?$char_traits@D@std@@V?$allocator@D@2@@std@@V?$allocator@V?$basic_string@DU?$char_traits@D@std@@V?$allocator@D@2@@std@@@2@@3@D@Z)
MainMenu.obj : error LNK2001: unresolved external symbol "void __cdecl NStr::SplitString(class std::basic_string<char,struct std::char_traits<char>,class std::allocator<char> > const &,class std::vector<class std::basic_string<char,struct std::char_traits<char>,class std::allocator<char> >,class std::allocator<class std::basic_string<char,struct std::char_traits<char>,class std::allocator<char> > > > &,char)" (?SplitString@NStr@@YAXABV?$basic_string@DU?$char_traits@D@std@@V?$allocator@D@2@@std@@AAV?$vector@V?$basic_string@DU?$char_traits@D@std@@V?$allocator@D@2@@std@@V?$allocator@V?$basic_string@DU?$char_traits@D@std@@V?$allocator@D@2@@std@@@2@@3@D@Z)
iMissionInternal.obj : error LNK2001: unresolved external symbol "void __cdecl NStr::SplitString(class std::basic_string<char,struct std::char_traits<char>,class std::allocator<char> > const &,class std::vector<class std::basic_string<char,struct std::char_traits<char>,class std::allocator<char> >,class std::allocator<class std::basic_string<char,struct std::char_traits<char>,class std::allocator<char> > > > &,char)" (?SplitString@NStr@@YAXABV?$basic_string@DU?$char_traits@D@std@@V?$allocator@D@2@@std@@AAV?$vector@V?$basic_string@DU?$char_traits@D@std@@V?$allocator@D@2@@std@@V?$allocator@V?$basic_string@DU?$char_traits@D@std@@V?$allocator@D@2@@std@@@2@@3@D@Z)
WorldClient.obj : error LNK2019: unresolved external symbol "void __cdecl NStr::SplitStringWithMultipleBrackets(class std::basic_string<char,struct std::char_traits<char>,class std::allocator<char> > const &,class std::vector<class std::basic_string<char,struct std::char_traits<char>,class std::allocator<char> >,class std::allocator<class std::basic_string<char,struct std::char_traits<char>,class std::allocator<char> > > > &,char)" (?SplitStringWithMultipleBrackets@NStr@@YAXABV?$basic_string@DU?$char_traits@D@std@@V?$allocator@D@2@@std@@AAV?$vector@V?$basic_string@DU?$char_traits@D@std@@V?$allocator@D@2@@std@@V?$allocator@V?$basic_string@DU?$char_traits@D@std@@V?$allocator@D@2@@std@@@2@@3@D@Z) referenced in function "private: bool __thiscall CTableAccessor::GetValArray<int (__cdecl*)(char const *),int>(int (__cdecl*)(char const *),char const *,char const *,class std::vector<int,class std::allocator<int> > &,char)" (??$GetValArray@P6AHPBD@ZH@CTableAccessor@@AAE_NP6AHPBD@Z00AAV?$vector@HV?$allocator@H@std@@@std@@D@Z)
WorldClient.obj : error LNK2019: unresolved external symbol "bool __cdecl NStr::IsDecNumber(class std::basic_string<char,struct std::char_traits<char>,class std::allocator<char> > const &)" (?IsDecNumber@NStr@@YA_NABV?$basic_string@DU?$char_traits@D@std@@V?$allocator@D@2@@std@@@Z) referenced in function "public: virtual void __stdcall CWorldClient::Update(unsigned long const &)" (?Update@CWorldClient@@UAGXABK@Z)
MissionObjectFactory.obj : error LNK2001: unresolved external symbol "int __cdecl NStr::ToInt(char const *)" (?ToInt@NStr@@YAHPBD@Z)
AckManager.obj : error LNK2001: unresolved external symbol "int __cdecl NStr::ToInt(char const *)" (?ToInt@NStr@@YAHPBD@Z)
SaveMission.obj : error LNK2001: unresolved external symbol "int __cdecl NStr::ToInt(char const *)" (?ToInt@NStr@@YAHPBD@Z)
InterfaceMessageBox.obj : error LNK2001: unresolved external symbol "int __cdecl NStr::ToInt(char const *)" (?ToInt@NStr@@YAHPBD@Z)
CustomMessageReaction.obj : error LNK2001: unresolved external symbol "int __cdecl NStr::ToInt(char const *)" (?ToInt@NStr@@YAHPBD@Z)
MessageReactionINternal.obj : error LNK2001: unresolved external symbol "int __cdecl NStr::ToInt(char const *)" (?ToInt@NStr@@YAHPBD@Z)
CutsceneList.obj : error LNK2001: unresolved external symbol "int __cdecl NStr::ToInt(char const *)" (?ToInt@NStr@@YAHPBD@Z)
IMSaveMission.obj : error LNK2001: unresolved external symbol "int __cdecl NStr::ToInt(char const *)" (?ToInt@NStr@@YAHPBD@Z)
LoadMission.obj : error LNK2001: unresolved external symbol "int __cdecl NStr::ToInt(char const *)" (?ToInt@NStr@@YAHPBD@Z)
ReplayList.obj : error LNK2001: unresolved external symbol "int __cdecl NStr::ToInt(char const *)" (?ToInt@NStr@@YAHPBD@Z)
UpgradeUnit.obj : error LNK2001: unresolved external symbol "int __cdecl NStr::ToInt(char const *)" (?ToInt@NStr@@YAHPBD@Z)
iMissionInternal.obj : error LNK2001: unresolved external symbol "int __cdecl NStr::ToInt(char const *)" (?ToInt@NStr@@YAHPBD@Z)
QuitMission.obj : error LNK2001: unresolved external symbol "int __cdecl NStr::ToInt(char const *)" (?ToInt@NStr@@YAHPBD@Z)
PlayMovieInterface.obj : error LNK2001: unresolved external symbol "int __cdecl NStr::ToInt(char const *)" (?ToInt@NStr@@YAHPBD@Z)
Mission.obj : error LNK2001: unresolved external symbol "int __cdecl NStr::ToInt(char const *)" (?ToInt@NStr@@YAHPBD@Z)
Stats.obj : error LNK2001: unresolved external symbol "int __cdecl NStr::ToInt(char const *)" (?ToInt@NStr@@YAHPBD@Z)
UIState.obj : error LNK2001: unresolved external symbol "int __cdecl NStr::ToInt(char const *)" (?ToInt@NStr@@YAHPBD@Z)
UnitsPool.obj : error LNK2001: unresolved external symbol "int __cdecl NStr::ToInt(char const *)" (?ToInt@NStr@@YAHPBD@Z)
Campaign.obj : error LNK2001: unresolved external symbol "int __cdecl NStr::ToInt(char const *)" (?ToInt@NStr@@YAHPBD@Z)
Chapter.obj : error LNK2001: unresolved external symbol "int __cdecl NStr::ToInt(char const *)" (?ToInt@NStr@@YAHPBD@Z)
encyclopedia.obj : error LNK2001: unresolved external symbol "int __cdecl NStr::ToInt(char const *)" (?ToInt@NStr@@YAHPBD@Z)
MainMenu.obj : error LNK2001: unresolved external symbol "int __cdecl NStr::ToInt(char const *)" (?ToInt@NStr@@YAHPBD@Z)
PlayersInterface.obj : error LNK2001: unresolved external symbol "int __cdecl NStr::ToInt(char const *)" (?ToInt@NStr@@YAHPBD@Z)
InterfaceOptionsSettings.obj : error LNK2001: unresolved external symbol "int __cdecl NStr::ToInt(char const *)" (?ToInt@NStr@@YAHPBD@Z)
OptionEntryWrapper.obj : error LNK2001: unresolved external symbol "int __cdecl NStr::ToInt(char const *)" (?ToInt@NStr@@YAHPBD@Z)
InterfaceAfterMissionPopups.obj : error LNK2001: unresolved external symbol "int __cdecl NStr::ToInt(char const *)" (?ToInt@NStr@@YAHPBD@Z)
WorldClient.obj : error LNK2001: unresolved external symbol "int __cdecl NStr::ToInt(char const *)" (?ToInt@NStr@@YAHPBD@Z)
WorldClientActions.obj : error LNK2001: unresolved external symbol "int __cdecl NStr::ToInt(char const *)" (?ToInt@NStr@@YAHPBD@Z)
MultiplayerStartingGame.obj : error LNK2001: unresolved external symbol "int __cdecl NStr::ToInt(char const *)" (?ToInt@NStr@@YAHPBD@Z)
InterfaceMPAddressBook.obj : error LNK2001: unresolved external symbol "int __cdecl NStr::ToInt(char const *)" (?ToInt@NStr@@YAHPBD@Z)
WorldClient.obj : error LNK2019: unresolved external symbol "float __cdecl NStr::ToFloat(char const *)" (?ToFloat@NStr@@YAMPBD@Z) referenced in function "public: virtual void __stdcall CWorldClient::Init(struct ISingleton *)" (?Init@CWorldClient@@UAGXPAUISingleton@@@Z)
iMissionInternal.obj : error LNK2001: unresolved external symbol "float __cdecl NStr::ToFloat(char const *)" (?ToFloat@NStr@@YAMPBD@Z)
UIMapInfo.obj : error LNK2001: unresolved external symbol "void __cdecl NStr::ToUnicode(class std::basic_string<unsigned short,struct std::char_traits<unsigned short>,class std::allocator<unsigned short> > *,class std::basic_string<char,struct std::char_traits<char>,class std::allocator<char> > const &)" (?ToUnicode@NStr@@YAXPAV?$basic_string@GU?$char_traits@G@std@@V?$allocator@G@2@@std@@ABV?$basic_string@DU?$char_traits@D@std@@V?$allocator@D@2@@3@@Z)
InterfaceIMModsList.obj : error LNK2001: unresolved external symbol "void __cdecl NStr::ToUnicode(class std::basic_string<unsigned short,struct std::char_traits<unsigned short>,class std::allocator<unsigned short> > *,class std::basic_string<char,struct std::char_traits<char>,class std::allocator<char> > const &)" (?ToUnicode@NStr@@YAXPAV?$basic_string@GU?$char_traits@G@std@@V?$allocator@G@2@@std@@ABV?$basic_string@DU?$char_traits@D@std@@V?$allocator@D@2@@3@@Z)
LoadMission.obj : error LNK2001: unresolved external symbol "void __cdecl NStr::ToUnicode(class std::basic_string<unsigned short,struct std::char_traits<unsigned short>,class std::allocator<unsigned short> > *,class std::basic_string<char,struct std::char_traits<char>,class std::allocator<char> > const &)" (?ToUnicode@NStr@@YAXPAV?$basic_string@GU?$char_traits@G@std@@V?$allocator@G@2@@std@@ABV?$basic_string@DU?$char_traits@D@std@@V?$allocator@D@2@@3@@Z)
ReplayList.obj : error LNK2001: unresolved external symbol "void __cdecl NStr::ToUnicode(class std::basic_string<unsigned short,struct std::char_traits<unsigned short>,class std::allocator<unsigned short> > *,class std::basic_string<char,struct std::char_traits<char>,class std::allocator<char> > const &)" (?ToUnicode@NStr@@YAXPAV?$basic_string@GU?$char_traits@G@std@@V?$allocator@G@2@@std@@ABV?$basic_string@DU?$char_traits@D@std@@V?$allocator@D@2@@3@@Z)
SaveMission.obj : error LNK2001: unresolved external symbol "void __cdecl NStr::ToUnicode(class std::basic_string<unsigned short,struct std::char_traits<unsigned short>,class std::allocator<unsigned short> > *,class std::basic_string<char,struct std::char_traits<char>,class std::allocator<char> > const &)" (?ToUnicode@NStr@@YAXPAV?$basic_string@GU?$char_traits@G@std@@V?$allocator@G@2@@std@@ABV?$basic_string@DU?$char_traits@D@std@@V?$allocator@D@2@@3@@Z)
CustomMission.obj : error LNK2001: unresolved external symbol "void __cdecl NStr::ToUnicode(class std::basic_string<unsigned short,struct std::char_traits<unsigned short>,class std::allocator<unsigned short> > *,class std::basic_string<char,struct std::char_traits<char>,class std::allocator<char> > const &)" (?ToUnicode@NStr@@YAXPAV?$basic_string@GU?$char_traits@G@std@@V?$allocator@G@2@@std@@ABV?$basic_string@DU?$char_traits@D@std@@V?$allocator@D@2@@3@@Z)
CutsceneList.obj : error LNK2001: unresolved external symbol "void __cdecl NStr::ToUnicode(class std::basic_string<unsigned short,struct std::char_traits<unsigned short>,class std::allocator<unsigned short> > *,class std::basic_string<char,struct std::char_traits<char>,class std::allocator<char> > const &)" (?ToUnicode@NStr@@YAXPAV?$basic_string@GU?$char_traits@G@std@@V?$allocator@G@2@@std@@ABV?$basic_string@DU?$char_traits@D@std@@V?$allocator@D@2@@3@@Z)
IMLoadMission.obj : error LNK2001: unresolved external symbol "void __cdecl NStr::ToUnicode(class std::basic_string<unsigned short,struct std::char_traits<unsigned short>,class std::allocator<unsigned short> > *,class std::basic_string<char,struct std::char_traits<char>,class std::allocator<char> > const &)" (?ToUnicode@NStr@@YAXPAV?$basic_string@GU?$char_traits@G@std@@V?$allocator@G@2@@std@@ABV?$basic_string@DU?$char_traits@D@std@@V?$allocator@D@2@@3@@Z)
IMSaveMission.obj : error LNK2001: unresolved external symbol "void __cdecl NStr::ToUnicode(class std::basic_string<unsigned short,struct std::char_traits<unsigned short>,class std::allocator<unsigned short> > *,class std::basic_string<char,struct std::char_traits<char>,class std::allocator<char> > const &)" (?ToUnicode@NStr@@YAXPAV?$basic_string@GU?$char_traits@G@std@@V?$allocator@G@2@@std@@ABV?$basic_string@DU?$char_traits@D@std@@V?$allocator@D@2@@3@@Z)
BaseList.obj : error LNK2001: unresolved external symbol "void __cdecl NStr::ToUnicode(class std::basic_string<unsigned short,struct std::char_traits<unsigned short>,class std::allocator<unsigned short> > *,class std::basic_string<char,struct std::char_traits<char>,class std::allocator<char> > const &)" (?ToUnicode@NStr@@YAXPAV?$basic_string@GU?$char_traits@G@std@@V?$allocator@G@2@@std@@ABV?$basic_string@DU?$char_traits@D@std@@V?$allocator@D@2@@3@@Z)
CustomCampaign.obj : error LNK2001: unresolved external symbol "void __cdecl NStr::ToUnicode(class std::basic_string<unsigned short,struct std::char_traits<unsigned short>,class std::allocator<unsigned short> > *,class std::basic_string<char,struct std::char_traits<char>,class std::allocator<char> > const &)" (?ToUnicode@NStr@@YAXPAV?$basic_string@GU?$char_traits@G@std@@V?$allocator@G@2@@std@@ABV?$basic_string@DU?$char_traits@D@std@@V?$allocator@D@2@@3@@Z)
CustomChapter.obj : error LNK2001: unresolved external symbol "void __cdecl NStr::ToUnicode(class std::basic_string<unsigned short,struct std::char_traits<unsigned short>,class std::allocator<unsigned short> > *,class std::basic_string<char,struct std::char_traits<char>,class std::allocator<char> > const &)" (?ToUnicode@NStr@@YAXPAV?$basic_string@GU?$char_traits@G@std@@V?$allocator@G@2@@std@@ABV?$basic_string@DU?$char_traits@D@std@@V?$allocator@D@2@@3@@Z)
CustomList.obj : error LNK2001: unresolved external symbol "void __cdecl NStr::ToUnicode(class std::basic_string<unsigned short,struct std::char_traits<unsigned short>,class std::allocator<unsigned short> > *,class std::basic_string<char,struct std::char_traits<char>,class std::allocator<char> > const &)" (?ToUnicode@NStr@@YAXPAV?$basic_string@GU?$char_traits@G@std@@V?$allocator@G@2@@std@@ABV?$basic_string@DU?$char_traits@D@std@@V?$allocator@D@2@@3@@Z)
AddUnitToMission.obj : error LNK2001: unresolved external symbol "void __cdecl NStr::ToUnicode(class std::basic_string<unsigned short,struct std::char_traits<unsigned short>,class std::allocator<unsigned short> > *,class std::basic_string<char,struct std::char_traits<char>,class std::allocator<char> > const &)" (?ToUnicode@NStr@@YAXPAV?$basic_string@GU?$char_traits@G@std@@V?$allocator@G@2@@std@@ABV?$basic_string@DU?$char_traits@D@std@@V?$allocator@D@2@@3@@Z)
MainMenu.obj : error LNK2001: unresolved external symbol "void __cdecl NStr::ToUnicode(class std::basic_string<unsigned short,struct std::char_traits<unsigned short>,class std::allocator<unsigned short> > *,class std::basic_string<char,struct std::char_traits<char>,class std::allocator<char> > const &)" (?ToUnicode@NStr@@YAXPAV?$basic_string@GU?$char_traits@G@std@@V?$allocator@G@2@@std@@ABV?$basic_string@DU?$char_traits@D@std@@V?$allocator@D@2@@3@@Z)
Stats.obj : error LNK2001: unresolved external symbol "void __cdecl NStr::ToUnicode(class std::basic_string<unsigned short,struct std::char_traits<unsigned short>,class std::allocator<unsigned short> > *,class std::basic_string<char,struct std::char_traits<char>,class std::allocator<char> > const &)" (?ToUnicode@NStr@@YAXPAV?$basic_string@GU?$char_traits@G@std@@V?$allocator@G@2@@std@@ABV?$basic_string@DU?$char_traits@D@std@@V?$allocator@D@2@@3@@Z)
iMissionInternal.obj : error LNK2001: unresolved external symbol "void __cdecl NStr::ToUnicode(class std::basic_string<unsigned short,struct std::char_traits<unsigned short>,class std::allocator<unsigned short> > *,class std::basic_string<char,struct std::char_traits<char>,class std::allocator<char> > const &)" (?ToUnicode@NStr@@YAXPAV?$basic_string@GU?$char_traits@G@std@@V?$allocator@G@2@@std@@ABV?$basic_string@DU?$char_traits@D@std@@V?$allocator@D@2@@3@@Z)
InterfaceMPCreateGame.obj : error LNK2001: unresolved external symbol "void __cdecl NStr::ToUnicode(class std::basic_string<unsigned short,struct std::char_traits<unsigned short>,class std::allocator<unsigned short> > *,class std::basic_string<char,struct std::char_traits<char>,class std::allocator<char> > const &)" (?ToUnicode@NStr@@YAXPAV?$basic_string@GU?$char_traits@G@std@@V?$allocator@G@2@@std@@ABV?$basic_string@DU?$char_traits@D@std@@V?$allocator@D@2@@3@@Z)
InterfaceMPAddressBook.obj : error LNK2001: unresolved external symbol "void __cdecl NStr::ToUnicode(class std::basic_string<unsigned short,struct std::char_traits<unsigned short>,class std::allocator<unsigned short> > *,class std::basic_string<char,struct std::char_traits<char>,class std::allocator<char> > const &)" (?ToUnicode@NStr@@YAXPAV?$basic_string@GU?$char_traits@G@std@@V?$allocator@G@2@@std@@ABV?$basic_string@DU?$char_traits@D@std@@V?$allocator@D@2@@3@@Z)
PlayersInterface.obj : error LNK2001: unresolved external symbol "void __cdecl NStr::ToUnicode(class std::basic_string<unsigned short,struct std::char_traits<unsigned short>,class std::allocator<unsigned short> > *,class std::basic_string<char,struct std::char_traits<char>,class std::allocator<char> > const &)" (?ToUnicode@NStr@@YAXPAV?$basic_string@GU?$char_traits@G@std@@V?$allocator@G@2@@std@@ABV?$basic_string@DU?$char_traits@D@std@@V?$allocator@D@2@@3@@Z)
OptionEntryWrapper.obj : error LNK2001: unresolved external symbol "void __cdecl NStr::ToUnicode(class std::basic_string<unsigned short,struct std::char_traits<unsigned short>,class std::allocator<unsigned short> > *,class std::basic_string<char,struct std::char_traits<char>,class std::allocator<char> > const &)" (?ToUnicode@NStr@@YAXPAV?$basic_string@GU?$char_traits@G@std@@V?$allocator@G@2@@std@@ABV?$basic_string@DU?$char_traits@D@std@@V?$allocator@D@2@@3@@Z)
WorldClient.obj : error LNK2001: unresolved external symbol "void __cdecl NStr::ToUnicode(class std::basic_string<unsigned short,struct std::char_traits<unsigned short>,class std::allocator<unsigned short> > *,class std::basic_string<char,struct std::char_traits<char>,class std::allocator<char> > const &)" (?ToUnicode@NStr@@YAXPAV?$basic_string@GU?$char_traits@G@std@@V?$allocator@G@2@@std@@ABV?$basic_string@DU?$char_traits@D@std@@V?$allocator@D@2@@3@@Z)
MultiplayerGamesList.obj : error LNK2001: unresolved external symbol "void __cdecl NStr::ToUnicode(class std::basic_string<unsigned short,struct std::char_traits<unsigned short>,class std::allocator<unsigned short> > *,class std::basic_string<char,struct std::char_traits<char>,class std::allocator<char> > const &)" (?ToUnicode@NStr@@YAXPAV?$basic_string@GU?$char_traits@G@std@@V?$allocator@G@2@@std@@ABV?$basic_string@DU?$char_traits@D@std@@V?$allocator@D@2@@3@@Z)
MultiplayerStartingGame.obj : error LNK2001: unresolved external symbol "void __cdecl NStr::ToUnicode(class std::basic_string<unsigned short,struct std::char_traits<unsigned short>,class std::allocator<unsigned short> > *,class std::basic_string<char,struct std::char_traits<char>,class std::allocator<char> > const &)" (?ToUnicode@NStr@@YAXPAV?$basic_string@GU?$char_traits@G@std@@V?$allocator@G@2@@std@@ABV?$basic_string@DU?$char_traits@D@std@@V?$allocator@D@2@@3@@Z)
InterfaceMPChat.obj : error LNK2001: unresolved external symbol "void __cdecl NStr::ToUnicode(class std::basic_string<unsigned short,struct std::char_traits<unsigned short>,class std::allocator<unsigned short> > *,class std::basic_string<char,struct std::char_traits<char>,class std::allocator<char> > const &)" (?ToUnicode@NStr@@YAXPAV?$basic_string@GU?$char_traits@G@std@@V?$allocator@G@2@@std@@ABV?$basic_string@DU?$char_traits@D@std@@V?$allocator@D@2@@3@@Z)
UIConsts.obj : error LNK2001: unresolved external symbol "char const * __cdecl NStr::Format(char const *,...)" (?Format@NStr@@YAPBDPBDZZ)
CustomMessageReaction.obj : error LNK2001: unresolved external symbol "char const * __cdecl NStr::Format(char const *,...)" (?Format@NStr@@YAPBDPBDZZ)
MissionObjectFactory.obj : error LNK2001: unresolved external symbol "char const * __cdecl NStr::Format(char const *,...)" (?Format@NStr@@YAPBDPBDZZ)
SaveReplay.obj : error LNK2001: unresolved external symbol "char const * __cdecl NStr::Format(char const *,...)" (?Format@NStr@@YAPBDPBDZZ)
SwitchToNextChapter.obj : error LNK2001: unresolved external symbol "char const * __cdecl NStr::Format(char const *,...)" (?Format@NStr@@YAPBDPBDZZ)
TutorialList.obj : error LNK2001: unresolved external symbol "char const * __cdecl NStr::Format(char const *,...)" (?Format@NStr@@YAPBDPBDZZ)
InterfaceMessageBox.obj : error LNK2001: unresolved external symbol "char const * __cdecl NStr::Format(char const *,...)" (?Format@NStr@@YAPBDPBDZZ)
InterfaceIMModsList.obj : error LNK2001: unresolved external symbol "char const * __cdecl NStr::Format(char const *,...)" (?Format@NStr@@YAPBDPBDZZ)
LoadMission.obj : error LNK2001: unresolved external symbol "char const * __cdecl NStr::Format(char const *,...)" (?Format@NStr@@YAPBDPBDZZ)
ReplayList.obj : error LNK2001: unresolved external symbol "char const * __cdecl NStr::Format(char const *,...)" (?Format@NStr@@YAPBDPBDZZ)
SaveMission.obj : error LNK2001: unresolved external symbol "char const * __cdecl NStr::Format(char const *,...)" (?Format@NStr@@YAPBDPBDZZ)
CustomMission.obj : error LNK2001: unresolved external symbol "char const * __cdecl NStr::Format(char const *,...)" (?Format@NStr@@YAPBDPBDZZ)
CutsceneList.obj : error LNK2001: unresolved external symbol "char const * __cdecl NStr::Format(char const *,...)" (?Format@NStr@@YAPBDPBDZZ)
IMLoadMission.obj : error LNK2001: unresolved external symbol "char const * __cdecl NStr::Format(char const *,...)" (?Format@NStr@@YAPBDPBDZZ)
IMSaveMission.obj : error LNK2001: unresolved external symbol "char const * __cdecl NStr::Format(char const *,...)" (?Format@NStr@@YAPBDPBDZZ)
iMissionInternal.obj : error LNK2001: unresolved external symbol "char const * __cdecl NStr::Format(char const *,...)" (?Format@NStr@@YAPBDPBDZZ)
QuitMission.obj : error LNK2001: unresolved external symbol "char const * __cdecl NStr::Format(char const *,...)" (?Format@NStr@@YAPBDPBDZZ)
CustomCampaign.obj : error LNK2001: unresolved external symbol "char const * __cdecl NStr::Format(char const *,...)" (?Format@NStr@@YAPBDPBDZZ)
CustomChapter.obj : error LNK2001: unresolved external symbol "char const * __cdecl NStr::Format(char const *,...)" (?Format@NStr@@YAPBDPBDZZ)
TotalEncyclopedia.obj : error LNK2001: unresolved external symbol "char const * __cdecl NStr::Format(char const *,...)" (?Format@NStr@@YAPBDPBDZZ)
UIState.obj : error LNK2001: unresolved external symbol "char const * __cdecl NStr::Format(char const *,...)" (?Format@NStr@@YAPBDPBDZZ)
UnitsPool.obj : error LNK2001: unresolved external symbol "char const * __cdecl NStr::Format(char const *,...)" (?Format@NStr@@YAPBDPBDZZ)
UpgradeUnit.obj : error LNK2001: unresolved external symbol "char const * __cdecl NStr::Format(char const *,...)" (?Format@NStr@@YAPBDPBDZZ)
MainMenu.obj : error LNK2001: unresolved external symbol "char const * __cdecl NStr::Format(char const *,...)" (?Format@NStr@@YAPBDPBDZZ)
Mission.obj : error LNK2001: unresolved external symbol "char const * __cdecl NStr::Format(char const *,...)" (?Format@NStr@@YAPBDPBDZZ)
SingleMedal.obj : error LNK2001: unresolved external symbol "char const * __cdecl NStr::Format(char const *,...)" (?Format@NStr@@YAPBDPBDZZ)
Stats.obj : error LNK2001: unresolved external symbol "char const * __cdecl NStr::Format(char const *,...)" (?Format@NStr@@YAPBDPBDZZ)
Chapter.obj : error LNK2001: unresolved external symbol "char const * __cdecl NStr::Format(char const *,...)" (?Format@NStr@@YAPBDPBDZZ)
Common.obj : error LNK2001: unresolved external symbol "char const * __cdecl NStr::Format(char const *,...)" (?Format@NStr@@YAPBDPBDZZ)
encyclopedia.obj : error LNK2001: unresolved external symbol "char const * __cdecl NStr::Format(char const *,...)" (?Format@NStr@@YAPBDPBDZZ)
InterMission.obj : error LNK2001: unresolved external symbol "char const * __cdecl NStr::Format(char const *,...)" (?Format@NStr@@YAPBDPBDZZ)
InterfaceUnitPerformance.obj : error LNK2001: unresolved external symbol "char const * __cdecl NStr::Format(char const *,...)" (?Format@NStr@@YAPBDPBDZZ)
InterfaceNewDepotUpgrades.obj : error LNK2001: unresolved external symbol "char const * __cdecl NStr::Format(char const *,...)" (?Format@NStr@@YAPBDPBDZZ)
AddUnitToMission.obj : error LNK2001: unresolved external symbol "char const * __cdecl NStr::Format(char const *,...)" (?Format@NStr@@YAPBDPBDZZ)
Campaign.obj : error LNK2001: unresolved external symbol "char const * __cdecl NStr::Format(char const *,...)" (?Format@NStr@@YAPBDPBDZZ)
PlayersInterface.obj : error LNK2001: unresolved external symbol "char const * __cdecl NStr::Format(char const *,...)" (?Format@NStr@@YAPBDPBDZZ)
InterfaceOptionsSettings.obj : error LNK2001: unresolved external symbol "char const * __cdecl NStr::Format(char const *,...)" (?Format@NStr@@YAPBDPBDZZ)
OptionEntryWrapper.obj : error LNK2001: unresolved external symbol "char const * __cdecl NStr::Format(char const *,...)" (?Format@NStr@@YAPBDPBDZZ)
InterfaceAfterMissionPopups.obj : error LNK2001: unresolved external symbol "char const * __cdecl NStr::Format(char const *,...)" (?Format@NStr@@YAPBDPBDZZ)
InterfaceMPCreateGame.obj : error LNK2001: unresolved external symbol "char const * __cdecl NStr::Format(char const *,...)" (?Format@NStr@@YAPBDPBDZZ)
InterfaceMPMapSettings.obj : error LNK2001: unresolved external symbol "char const * __cdecl NStr::Format(char const *,...)" (?Format@NStr@@YAPBDPBDZZ)
InterfaceMPAddressBook.obj : error LNK2001: unresolved external symbol "char const * __cdecl NStr::Format(char const *,...)" (?Format@NStr@@YAPBDPBDZZ)
MPConnectionError.obj : error LNK2001: unresolved external symbol "char const * __cdecl NStr::Format(char const *,...)" (?Format@NStr@@YAPBDPBDZZ)
WorldClient.obj : error LNK2001: unresolved external symbol "char const * __cdecl NStr::Format(char const *,...)" (?Format@NStr@@YAPBDPBDZZ)
MultiplayerGamesList.obj : error LNK2001: unresolved external symbol "char const * __cdecl NStr::Format(char const *,...)" (?Format@NStr@@YAPBDPBDZZ)
MultiplayerStartingGame.obj : error LNK2001: unresolved external symbol "char const * __cdecl NStr::Format(char const *,...)" (?Format@NStr@@YAPBDPBDZZ)
InterfaceMPChat.obj : error LNK2001: unresolved external symbol "char const * __cdecl NStr::Format(char const *,...)" (?Format@NStr@@YAPBDPBDZZ)
WorldClient.obj : error LNK2019: unresolved external symbol "void __cdecl NStr::DebugTrace(char const *,...)" (?DebugTrace@NStr@@YAXPBDZZ) referenced in function "public: virtual void __stdcall CWorldClient::Update(unsigned long const &)" (?Update@CWorldClient@@UAGXABK@Z)
Mission.obj : error LNK2001: unresolved external symbol "void __cdecl NStr::DebugTrace(char const *,...)" (?DebugTrace@NStr@@YAXPBDZZ)
iMissionInternal.obj : error LNK2001: unresolved external symbol "void __cdecl NStr::DebugTrace(char const *,...)" (?DebugTrace@NStr@@YAXPBDZZ)
MessageReactionINternal.obj : error LNK2001: unresolved external symbol "void __cdecl NStr::DebugTrace(char const *,...)" (?DebugTrace@NStr@@YAXPBDZZ)
WorldClient.obj : error LNK2019: unresolved external symbol "public: virtual int __stdcall CWorldBase::operator&(struct IStructureSaver &)" (??ICWorldBase@@UAGHAAUIStructureSaver@@@Z) referenced in function "public: virtual int __stdcall CWorldClient::operator&(struct IStructureSaver &)" (??ICWorldClient@@UAGHAAUIStructureSaver@@@Z)
WorldClient.obj : error LNK2019: unresolved external symbol "protected: void __thiscall CWorldBase::GetAllObjectsByMatch(class std::list<struct SMapObject *,class std::allocator<struct SMapObject *> > &,struct SGDBObjectDesc const *,bool)" (?GetAllObjectsByMatch@CWorldBase@@IAEXAAV?$list@PAUSMapObject@@V?$allocator@PAUSMapObject@@@std@@@std@@PBUSGDBObjectDesc@@_N@Z) referenced in function "private: void __thiscall CWorldClient::SelectType(class CVec2 const &)" (?SelectType@CWorldClient@@AAEXABVCVec2@@@Z)
WorldClient.obj : error LNK2019: unresolved external symbol "protected: bool __thiscall CWorldBase::ToggleAIInfo(void)" (?ToggleAIInfo@CWorldBase@@IAE_NXZ) referenced in function "public: bool __thiscall CWorldClient::ProcessMessage(struct SGameMessage const &)" (?ProcessMessage@CWorldClient@@QAE_NABUSGameMessage@@@Z)
WorldClient.obj : error LNK2019: unresolved external symbol "protected: void __thiscall CWorldBase::ShowIcons(int,bool)" (?ShowIcons@CWorldBase@@IAEXH_N@Z) referenced in function "public: bool __thiscall CWorldClient::ProcessMessage(struct SGameMessage const &)" (?ProcessMessage@CWorldClient@@QAE_NABUSGameMessage@@@Z)
WorldClient.obj : error LNK2019: unresolved external symbol "protected: void __thiscall CWorldBase::UpdateAllUnits(void)" (?UpdateAllUnits@CWorldBase@@IAEXXZ) referenced in function "public: bool __thiscall CWorldClient::ProcessMessage(struct SGameMessage const &)" (?ProcessMessage@CWorldClient@@QAE_NABUSGameMessage@@@Z)
WorldClient.obj : error LNK2019: unresolved external symbol "public: __thiscall CWorldBase::CWorldBase(void)" (??0CWorldBase@@QAE@XZ) referenced in function "public: __thiscall CWorldClient::CWorldClient(void)" (??0CWorldClient@@QAE@XZ)
WorldClient.obj : error LNK2019: unresolved external symbol "public: virtual __thiscall CWorldBase::~CWorldBase(void)" (??1CWorldBase@@UAE@XZ) referenced in function __unwindfunclet$??0CWorldClient@@QAE@XZ$0
MissionObjectFactory.obj : error LNK2001: unresolved external symbol "public: virtual __thiscall CWorldBase::~CWorldBase(void)" (??1CWorldBase@@UAE@XZ)
WorldClient.obj : error LNK2001: unresolved external symbol "public: virtual void __stdcall CWorldBase::SetSeason(int)" (?SetSeason@CWorldBase@@UAGXH@Z)
MissionObjectFactory.obj : error LNK2001: unresolved external symbol "public: virtual void __stdcall CWorldBase::SetSeason(int)" (?SetSeason@CWorldBase@@UAGXH@Z)
WorldClient.obj : error LNK2019: unresolved external symbol "public: char const * __thiscall CWorldBase::GetSeasonName(void)const " (?GetSeasonName@CWorldBase@@QBEPBDXZ) referenced in function "private: virtual void __thiscall CWorldClient::ReportObjectiveStateChanged(int,int)" (?ReportObjectiveStateChanged@CWorldClient@@EAEXHH@Z)
WorldClient.obj : error LNK2019: unresolved external symbol "public: virtual void __stdcall CWorldBase::Init(struct ISingleton *)" (?Init@CWorldBase@@UAGXPAUISingleton@@@Z) referenced in function "public: virtual void __stdcall CWorldClient::Init(struct ISingleton *)" (?Init@CWorldClient@@UAGXPAUISingleton@@@Z)
WorldClient.obj : error LNK2001: unresolved external symbol "public: virtual void __stdcall CWorldBase::Clear(void)" (?Clear@CWorldBase@@UAGXXZ)
MissionObjectFactory.obj : error LNK2001: unresolved external symbol "public: virtual void __stdcall CWorldBase::Clear(void)" (?Clear@CWorldBase@@UAGXXZ)
WorldClient.obj : error LNK2019: unresolved external symbol "public: virtual void __stdcall CWorldBase::Update(unsigned long const &)" (?Update@CWorldBase@@UAGXABK@Z) referenced in function "public: virtual void __stdcall CWorldClient::Update(unsigned long const &)" (?Update@CWorldClient@@UAGXABK@Z)
WorldClient.obj : error LNK2001: unresolved external symbol "public: virtual int __stdcall CUIUnitObserver::operator&(struct IStructureSaver &)" (??ICUIUnitObserver@@UAGHAAUIStructureSaver@@@Z)
MissionObjectFactory.obj : error LNK2001: unresolved external symbol "public: virtual int __stdcall CUIUnitObserver::operator&(struct IStructureSaver &)" (??ICUIUnitObserver@@UAGHAAUIStructureSaver@@@Z)
WorldClient.obj : error LNK2001: unresolved external symbol "public: virtual void __stdcall CUIUnitObserver::AddIcon(int,struct ISceneIcon *)" (?AddIcon@CUIUnitObserver@@UAGXHPAUISceneIcon@@@Z)
MissionObjectFactory.obj : error LNK2001: unresolved external symbol "public: virtual void __stdcall CUIUnitObserver::AddIcon(int,struct ISceneIcon *)" (?AddIcon@CUIUnitObserver@@UAGXHPAUISceneIcon@@@Z)
WorldClient.obj : error LNK2001: unresolved external symbol "public: virtual void __stdcall CUIUnitObserver::RemoveIcon(int)" (?RemoveIcon@CUIUnitObserver@@UAGXH@Z)
MissionObjectFactory.obj : error LNK2001: unresolved external symbol "public: virtual void __stdcall CUIUnitObserver::RemoveIcon(int)" (?RemoveIcon@CUIUnitObserver@@UAGXH@Z)
WorldClient.obj : error LNK2001: unresolved external symbol "public: virtual void __stdcall CUIUnitObserver::UpdateHP(float)" (?UpdateHP@CUIUnitObserver@@UAGXM@Z)
MissionObjectFactory.obj : error LNK2001: unresolved external symbol "public: virtual void __stdcall CUIUnitObserver::UpdateHP(float)" (?UpdateHP@CUIUnitObserver@@UAGXM@Z)
WorldClient.obj : error LNK2001: unresolved external symbol "public: virtual void __stdcall CUIUnitObserver::RemoveUnit(void)" (?RemoveUnit@CUIUnitObserver@@UAGXXZ)
MissionObjectFactory.obj : error LNK2001: unresolved external symbol "public: virtual void __stdcall CUIUnitObserver::RemoveUnit(void)" (?RemoveUnit@CUIUnitObserver@@UAGXXZ)
WorldClient.obj : error LNK2019: unresolved external symbol "public: __thiscall CUISquadElement::CUISquadElement(void)" (??0CUISquadElement@@QAE@XZ) referenced in function "public: virtual void __stdcall CSelector::DoneSelection(void)" (?DoneSelection@CSelector@@UAGXXZ)
MissionObjectFactory.obj : error LNK2001: unresolved external symbol "public: __thiscall CUISquadElement::CUISquadElement(void)" (??0CUISquadElement@@QAE@XZ)
SaveReplay.obj : error LNK2001: unresolved external symbol "void __cdecl NStr::ToAscii(class std::basic_string<char,struct std::char_traits<char>,class std::allocator<char> > *,class std::basic_string<unsigned short,struct std::char_traits<unsigned short>,class std::allocator<unsigned short> > const &)" (?ToAscii@NStr@@YAXPAV?$basic_string@DU?$char_traits@D@std@@V?$allocator@D@2@@std@@ABV?$basic_string@GU?$char_traits@G@std@@V?$allocator@G@2@@3@@Z)
OptionEntryWrapper.obj : error LNK2001: unresolved external symbol "void __cdecl NStr::ToAscii(class std::basic_string<char,struct std::char_traits<char>,class std::allocator<char> > *,class std::basic_string<unsigned short,struct std::char_traits<unsigned short>,class std::allocator<unsigned short> > const &)" (?ToAscii@NStr@@YAXPAV?$basic_string@DU?$char_traits@D@std@@V?$allocator@D@2@@std@@ABV?$basic_string@GU?$char_traits@G@std@@V?$allocator@G@2@@3@@Z)
Stats.obj : error LNK2001: unresolved external symbol "void __cdecl NStr::ToAscii(class std::basic_string<char,struct std::char_traits<char>,class std::allocator<char> > *,class std::basic_string<unsigned short,struct std::char_traits<unsigned short>,class std::allocator<unsigned short> > const &)" (?ToAscii@NStr@@YAXPAV?$basic_string@DU?$char_traits@D@std@@V?$allocator@D@2@@std@@ABV?$basic_string@GU?$char_traits@G@std@@V?$allocator@G@2@@3@@Z)
IMSaveMission.obj : error LNK2001: unresolved external symbol "void __cdecl NStr::ToAscii(class std::basic_string<char,struct std::char_traits<char>,class std::allocator<char> > *,class std::basic_string<unsigned short,struct std::char_traits<unsigned short>,class std::allocator<unsigned short> > const &)" (?ToAscii@NStr@@YAXPAV?$basic_string@DU?$char_traits@D@std@@V?$allocator@D@2@@std@@ABV?$basic_string@GU?$char_traits@G@std@@V?$allocator@G@2@@3@@Z)
SaveMission.obj : error LNK2001: unresolved external symbol "void __cdecl NStr::ToAscii(class std::basic_string<char,struct std::char_traits<char>,class std::allocator<char> > *,class std::basic_string<unsigned short,struct std::char_traits<unsigned short>,class std::allocator<unsigned short> > const &)" (?ToAscii@NStr@@YAXPAV?$basic_string@DU?$char_traits@D@std@@V?$allocator@D@2@@std@@ABV?$basic_string@GU?$char_traits@G@std@@V?$allocator@G@2@@3@@Z)
MultiplayerGamesList.obj : error LNK2001: unresolved external symbol "void __cdecl NStr::ToAscii(class std::basic_string<char,struct std::char_traits<char>,class std::allocator<char> > *,class std::basic_string<unsigned short,struct std::char_traits<unsigned short>,class std::allocator<unsigned short> > const &)" (?ToAscii@NStr@@YAXPAV?$basic_string@DU?$char_traits@D@std@@V?$allocator@D@2@@std@@ABV?$basic_string@GU?$char_traits@G@std@@V?$allocator@G@2@@3@@Z)
InterfaceMPCreateGame.obj : error LNK2001: unresolved external symbol "void __cdecl NStr::ToAscii(class std::basic_string<char,struct std::char_traits<char>,class std::allocator<char> > *,class std::basic_string<unsigned short,struct std::char_traits<unsigned short>,class std::allocator<unsigned short> > const &)" (?ToAscii@NStr@@YAXPAV?$basic_string@DU?$char_traits@D@std@@V?$allocator@D@2@@std@@ABV?$basic_string@GU?$char_traits@G@std@@V?$allocator@G@2@@3@@Z)
InterfaceMPAddressBook.obj : error LNK2001: unresolved external symbol "void __cdecl NStr::ToAscii(class std::basic_string<char,struct std::char_traits<char>,class std::allocator<char> > *,class std::basic_string<unsigned short,struct std::char_traits<unsigned short>,class std::allocator<unsigned short> > const &)" (?ToAscii@NStr@@YAXPAV?$basic_string@DU?$char_traits@D@std@@V?$allocator@D@2@@std@@ABV?$basic_string@GU?$char_traits@G@std@@V?$allocator@G@2@@3@@Z)
PlayersInterface.obj : error LNK2001: unresolved external symbol "void __cdecl NStr::ToAscii(class std::basic_string<char,struct std::char_traits<char>,class std::allocator<char> > *,class std::basic_string<unsigned short,struct std::char_traits<unsigned short>,class std::allocator<unsigned short> > const &)" (?ToAscii@NStr@@YAXPAV?$basic_string@DU?$char_traits@D@std@@V?$allocator@D@2@@std@@ABV?$basic_string@GU?$char_traits@G@std@@V?$allocator@G@2@@3@@Z)
MissionObjectFactory.obj : error LNK2001: unresolved external symbol "public: virtual int __stdcall CInterfaceScreenBase::operator&(struct IStructureSaver &)" (??ICInterfaceScreenBase@@UAGHAAUIStructureSaver@@@Z)
SaveMission.obj : error LNK2001: unresolved external symbol "public: virtual int __stdcall CInterfaceScreenBase::operator&(struct IStructureSaver &)" (??ICInterfaceScreenBase@@UAGHAAUIStructureSaver@@@Z)
SaveReplay.obj : error LNK2001: unresolved external symbol "public: virtual int __stdcall CInterfaceScreenBase::operator&(struct IStructureSaver &)" (??ICInterfaceScreenBase@@UAGHAAUIStructureSaver@@@Z)
SwitchToNextChapter.obj : error LNK2001: unresolved external symbol "public: virtual int __stdcall CInterfaceScreenBase::operator&(struct IStructureSaver &)" (??ICInterfaceScreenBase@@UAGHAAUIStructureSaver@@@Z)
InterfaceMessageBox.obj : error LNK2001: unresolved external symbol "public: virtual int __stdcall CInterfaceScreenBase::operator&(struct IStructureSaver &)" (??ICInterfaceScreenBase@@UAGHAAUIStructureSaver@@@Z)
InterfaceIMModsList.obj : error LNK2001: unresolved external symbol "public: virtual int __stdcall CInterfaceScreenBase::operator&(struct IStructureSaver &)" (??ICInterfaceScreenBase@@UAGHAAUIStructureSaver@@@Z)
LoadMission.obj : error LNK2001: unresolved external symbol "public: virtual int __stdcall CInterfaceScreenBase::operator&(struct IStructureSaver &)" (??ICInterfaceScreenBase@@UAGHAAUIStructureSaver@@@Z)
PlayerGainLevel.obj : error LNK2001: unresolved external symbol "public: virtual int __stdcall CInterfaceScreenBase::operator&(struct IStructureSaver &)" (??ICInterfaceScreenBase@@UAGHAAUIStructureSaver@@@Z)
ReplayList.obj : error LNK2001: unresolved external symbol "public: virtual int __stdcall CInterfaceScreenBase::operator&(struct IStructureSaver &)" (??ICInterfaceScreenBase@@UAGHAAUIStructureSaver@@@Z)
CutsceneList.obj : error LNK2001: unresolved external symbol "public: virtual int __stdcall CInterfaceScreenBase::operator&(struct IStructureSaver &)" (??ICInterfaceScreenBase@@UAGHAAUIStructureSaver@@@Z)
IMLoadMission.obj : error LNK2001: unresolved external symbol "public: virtual int __stdcall CInterfaceScreenBase::operator&(struct IStructureSaver &)" (??ICInterfaceScreenBase@@UAGHAAUIStructureSaver@@@Z)
IMSaveMission.obj : error LNK2001: unresolved external symbol "public: virtual int __stdcall CInterfaceScreenBase::operator&(struct IStructureSaver &)" (??ICInterfaceScreenBase@@UAGHAAUIStructureSaver@@@Z)
IMTutorial.obj : error LNK2001: unresolved external symbol "public: virtual int __stdcall CInterfaceScreenBase::operator&(struct IStructureSaver &)" (??ICInterfaceScreenBase@@UAGHAAUIStructureSaver@@@Z)
CustomCampaign.obj : error LNK2001: unresolved external symbol "public: virtual int __stdcall CInterfaceScreenBase::operator&(struct IStructureSaver &)" (??ICInterfaceScreenBase@@UAGHAAUIStructureSaver@@@Z)
CustomChapter.obj : error LNK2001: unresolved external symbol "public: virtual int __stdcall CInterfaceScreenBase::operator&(struct IStructureSaver &)" (??ICInterfaceScreenBase@@UAGHAAUIStructureSaver@@@Z)
CustomList.obj : error LNK2001: unresolved external symbol "public: virtual int __stdcall CInterfaceScreenBase::operator&(struct IStructureSaver &)" (??ICInterfaceScreenBase@@UAGHAAUIStructureSaver@@@Z)
CustomMission.obj : error LNK2001: unresolved external symbol "public: virtual int __stdcall CInterfaceScreenBase::operator&(struct IStructureSaver &)" (??ICInterfaceScreenBase@@UAGHAAUIStructureSaver@@@Z)
iMissionInternal.obj : error LNK2001: unresolved external symbol "public: virtual int __stdcall CInterfaceScreenBase::operator&(struct IStructureSaver &)" (??ICInterfaceScreenBase@@UAGHAAUIStructureSaver@@@Z)
QuitMission.obj : error LNK2001: unresolved external symbol "public: virtual int __stdcall CInterfaceScreenBase::operator&(struct IStructureSaver &)" (??ICInterfaceScreenBase@@UAGHAAUIStructureSaver@@@Z)
PlayMovieInterface.obj : error LNK2001: unresolved external symbol "public: virtual int __stdcall CInterfaceScreenBase::operator&(struct IStructureSaver &)" (??ICInterfaceScreenBase@@UAGHAAUIStructureSaver@@@Z)
BaseList.obj : error LNK2001: unresolved external symbol "public: virtual int __stdcall CInterfaceScreenBase::operator&(struct IStructureSaver &)" (??ICInterfaceScreenBase@@UAGHAAUIStructureSaver@@@Z)
Stats.obj : error LNK2001: unresolved external symbol "public: virtual int __stdcall CInterfaceScreenBase::operator&(struct IStructureSaver &)" (??ICInterfaceScreenBase@@UAGHAAUIStructureSaver@@@Z)
TotalEncyclopedia.obj : error LNK2001: unresolved external symbol "public: virtual int __stdcall CInterfaceScreenBase::operator&(struct IStructureSaver &)" (??ICInterfaceScreenBase@@UAGHAAUIStructureSaver@@@Z)
UnitsPool.obj : error LNK2001: unresolved external symbol "public: virtual int __stdcall CInterfaceScreenBase::operator&(struct IStructureSaver &)" (??ICInterfaceScreenBase@@UAGHAAUIStructureSaver@@@Z)
UpgradeUnit.obj : error LNK2001: unresolved external symbol "public: virtual int __stdcall CInterfaceScreenBase::operator&(struct IStructureSaver &)" (??ICInterfaceScreenBase@@UAGHAAUIStructureSaver@@@Z)
encyclopedia.obj : error LNK2001: unresolved external symbol "public: virtual int __stdcall CInterfaceScreenBase::operator&(struct IStructureSaver &)" (??ICInterfaceScreenBase@@UAGHAAUIStructureSaver@@@Z)
MainMenu.obj : error LNK2001: unresolved external symbol "public: virtual int __stdcall CInterfaceScreenBase::operator&(struct IStructureSaver &)" (??ICInterfaceScreenBase@@UAGHAAUIStructureSaver@@@Z)
Mission.obj : error LNK2001: unresolved external symbol "public: virtual int __stdcall CInterfaceScreenBase::operator&(struct IStructureSaver &)" (??ICInterfaceScreenBase@@UAGHAAUIStructureSaver@@@Z)
SingleMedal.obj : error LNK2001: unresolved external symbol "public: virtual int __stdcall CInterfaceScreenBase::operator&(struct IStructureSaver &)" (??ICInterfaceScreenBase@@UAGHAAUIStructureSaver@@@Z)
InterfaceNewDepotUpgrades.obj : error LNK2001: unresolved external symbol "public: virtual int __stdcall CInterfaceScreenBase::operator&(struct IStructureSaver &)" (??ICInterfaceScreenBase@@UAGHAAUIStructureSaver@@@Z)
AddUnitToMission.obj : error LNK2001: unresolved external symbol "public: virtual int __stdcall CInterfaceScreenBase::operator&(struct IStructureSaver &)" (??ICInterfaceScreenBase@@UAGHAAUIStructureSaver@@@Z)
Campaign.obj : error LNK2001: unresolved external symbol "public: virtual int __stdcall CInterfaceScreenBase::operator&(struct IStructureSaver &)" (??ICInterfaceScreenBase@@UAGHAAUIStructureSaver@@@Z)
Chapter.obj : error LNK2001: unresolved external symbol "public: virtual int __stdcall CInterfaceScreenBase::operator&(struct IStructureSaver &)" (??ICInterfaceScreenBase@@UAGHAAUIStructureSaver@@@Z)
MultiplayerGamesList.obj : error LNK2001: unresolved external symbol "public: virtual int __stdcall CInterfaceScreenBase::operator&(struct IStructureSaver &)" (??ICInterfaceScreenBase@@UAGHAAUIStructureSaver@@@Z)
PlayersInterface.obj : error LNK2001: unresolved external symbol "public: virtual int __stdcall CInterfaceScreenBase::operator&(struct IStructureSaver &)" (??ICInterfaceScreenBase@@UAGHAAUIStructureSaver@@@Z)
InterfaceUnitPerformance.obj : error LNK2001: unresolved external symbol "public: virtual int __stdcall CInterfaceScreenBase::operator&(struct IStructureSaver &)" (??ICInterfaceScreenBase@@UAGHAAUIStructureSaver@@@Z)
InterfaceSwitchModeTo.obj : error LNK2001: unresolved external symbol "public: virtual int __stdcall CInterfaceScreenBase::operator&(struct IStructureSaver &)" (??ICInterfaceScreenBase@@UAGHAAUIStructureSaver@@@Z)
SwitchToNextChapter.obj : error LNK2001: unresolved external symbol "protected: virtual bool __thiscall CInterfaceScreenBase::OpenCurtains(void)" (?OpenCurtains@CInterfaceScreenBase@@MAE_NXZ)
InterfaceMessageBox.obj : error LNK2001: unresolved external symbol "protected: virtual bool __thiscall CInterfaceScreenBase::OpenCurtains(void)" (?OpenCurtains@CInterfaceScreenBase@@MAE_NXZ)
MissionObjectFactory.obj : error LNK2001: unresolved external symbol "protected: virtual bool __thiscall CInterfaceScreenBase::OpenCurtains(void)" (?OpenCurtains@CInterfaceScreenBase@@MAE_NXZ)
PlayerGainLevel.obj : error LNK2001: unresolved external symbol "protected: virtual bool __thiscall CInterfaceScreenBase::OpenCurtains(void)" (?OpenCurtains@CInterfaceScreenBase@@MAE_NXZ)
ReplayList.obj : error LNK2001: unresolved external symbol "protected: virtual bool __thiscall CInterfaceScreenBase::OpenCurtains(void)" (?OpenCurtains@CInterfaceScreenBase@@MAE_NXZ)
SaveMission.obj : error LNK2001: unresolved external symbol "protected: virtual bool __thiscall CInterfaceScreenBase::OpenCurtains(void)" (?OpenCurtains@CInterfaceScreenBase@@MAE_NXZ)
SaveReplay.obj : error LNK2001: unresolved external symbol "protected: virtual bool __thiscall CInterfaceScreenBase::OpenCurtains(void)" (?OpenCurtains@CInterfaceScreenBase@@MAE_NXZ)
IMSaveMission.obj : error LNK2001: unresolved external symbol "protected: virtual bool __thiscall CInterfaceScreenBase::OpenCurtains(void)" (?OpenCurtains@CInterfaceScreenBase@@MAE_NXZ)
IMTutorial.obj : error LNK2001: unresolved external symbol "protected: virtual bool __thiscall CInterfaceScreenBase::OpenCurtains(void)" (?OpenCurtains@CInterfaceScreenBase@@MAE_NXZ)
InterfaceIMModsList.obj : error LNK2001: unresolved external symbol "protected: virtual bool __thiscall CInterfaceScreenBase::OpenCurtains(void)" (?OpenCurtains@CInterfaceScreenBase@@MAE_NXZ)
LoadMission.obj : error LNK2001: unresolved external symbol "protected: virtual bool __thiscall CInterfaceScreenBase::OpenCurtains(void)" (?OpenCurtains@CInterfaceScreenBase@@MAE_NXZ)
CustomList.obj : error LNK2001: unresolved external symbol "protected: virtual bool __thiscall CInterfaceScreenBase::OpenCurtains(void)" (?OpenCurtains@CInterfaceScreenBase@@MAE_NXZ)
CustomMission.obj : error LNK2001: unresolved external symbol "protected: virtual bool __thiscall CInterfaceScreenBase::OpenCurtains(void)" (?OpenCurtains@CInterfaceScreenBase@@MAE_NXZ)
CutsceneList.obj : error LNK2001: unresolved external symbol "protected: virtual bool __thiscall CInterfaceScreenBase::OpenCurtains(void)" (?OpenCurtains@CInterfaceScreenBase@@MAE_NXZ)
IMLoadMission.obj : error LNK2001: unresolved external symbol "protected: virtual bool __thiscall CInterfaceScreenBase::OpenCurtains(void)" (?OpenCurtains@CInterfaceScreenBase@@MAE_NXZ)
PlayMovieInterface.obj : error LNK2001: unresolved external symbol "protected: virtual bool __thiscall CInterfaceScreenBase::OpenCurtains(void)" (?OpenCurtains@CInterfaceScreenBase@@MAE_NXZ)
BaseList.obj : error LNK2001: unresolved external symbol "protected: virtual bool __thiscall CInterfaceScreenBase::OpenCurtains(void)" (?OpenCurtains@CInterfaceScreenBase@@MAE_NXZ)
CustomCampaign.obj : error LNK2001: unresolved external symbol "protected: virtual bool __thiscall CInterfaceScreenBase::OpenCurtains(void)" (?OpenCurtains@CInterfaceScreenBase@@MAE_NXZ)
CustomChapter.obj : error LNK2001: unresolved external symbol "protected: virtual bool __thiscall CInterfaceScreenBase::OpenCurtains(void)" (?OpenCurtains@CInterfaceScreenBase@@MAE_NXZ)
UnitsPool.obj : error LNK2001: unresolved external symbol "protected: virtual bool __thiscall CInterfaceScreenBase::OpenCurtains(void)" (?OpenCurtains@CInterfaceScreenBase@@MAE_NXZ)
UpgradeUnit.obj : error LNK2001: unresolved external symbol "protected: virtual bool __thiscall CInterfaceScreenBase::OpenCurtains(void)" (?OpenCurtains@CInterfaceScreenBase@@MAE_NXZ)
iMissionInternal.obj : error LNK2001: unresolved external symbol "protected: virtual bool __thiscall CInterfaceScreenBase::OpenCurtains(void)" (?OpenCurtains@CInterfaceScreenBase@@MAE_NXZ)
QuitMission.obj : error LNK2001: unresolved external symbol "protected: virtual bool __thiscall CInterfaceScreenBase::OpenCurtains(void)" (?OpenCurtains@CInterfaceScreenBase@@MAE_NXZ)
Mission.obj : error LNK2001: unresolved external symbol "protected: virtual bool __thiscall CInterfaceScreenBase::OpenCurtains(void)" (?OpenCurtains@CInterfaceScreenBase@@MAE_NXZ)
SingleMedal.obj : error LNK2001: unresolved external symbol "protected: virtual bool __thiscall CInterfaceScreenBase::OpenCurtains(void)" (?OpenCurtains@CInterfaceScreenBase@@MAE_NXZ)
Stats.obj : error LNK2001: unresolved external symbol "protected: virtual bool __thiscall CInterfaceScreenBase::OpenCurtains(void)" (?OpenCurtains@CInterfaceScreenBase@@MAE_NXZ)
TotalEncyclopedia.obj : error LNK2001: unresolved external symbol "protected: virtual bool __thiscall CInterfaceScreenBase::OpenCurtains(void)" (?OpenCurtains@CInterfaceScreenBase@@MAE_NXZ)
Campaign.obj : error LNK2001: unresolved external symbol "protected: virtual bool __thiscall CInterfaceScreenBase::OpenCurtains(void)" (?OpenCurtains@CInterfaceScreenBase@@MAE_NXZ)
Chapter.obj : error LNK2001: unresolved external symbol "protected: virtual bool __thiscall CInterfaceScreenBase::OpenCurtains(void)" (?OpenCurtains@CInterfaceScreenBase@@MAE_NXZ)
encyclopedia.obj : error LNK2001: unresolved external symbol "protected: virtual bool __thiscall CInterfaceScreenBase::OpenCurtains(void)" (?OpenCurtains@CInterfaceScreenBase@@MAE_NXZ)
MainMenu.obj : error LNK2001: unresolved external symbol "protected: virtual bool __thiscall CInterfaceScreenBase::OpenCurtains(void)" (?OpenCurtains@CInterfaceScreenBase@@MAE_NXZ)
MultiplayerGamesList.obj : error LNK2001: unresolved external symbol "protected: virtual bool __thiscall CInterfaceScreenBase::OpenCurtains(void)" (?OpenCurtains@CInterfaceScreenBase@@MAE_NXZ)
InterfaceSwitchModeTo.obj : error LNK2001: unresolved external symbol "protected: virtual bool __thiscall CInterfaceScreenBase::OpenCurtains(void)" (?OpenCurtains@CInterfaceScreenBase@@MAE_NXZ)
InterfaceNewDepotUpgrades.obj : error LNK2001: unresolved external symbol "protected: virtual bool __thiscall CInterfaceScreenBase::OpenCurtains(void)" (?OpenCurtains@CInterfaceScreenBase@@MAE_NXZ)
AddUnitToMission.obj : error LNK2001: unresolved external symbol "protected: virtual bool __thiscall CInterfaceScreenBase::OpenCurtains(void)" (?OpenCurtains@CInterfaceScreenBase@@MAE_NXZ)
SaveReplay.obj : error LNK2001: unresolved external symbol "protected: virtual void __thiscall CInterfaceScreenBase::SuspendAILogic(bool)" (?SuspendAILogic@CInterfaceScreenBase@@MAEX_N@Z)
SwitchToNextChapter.obj : error LNK2001: unresolved external symbol "protected: virtual void __thiscall CInterfaceScreenBase::SuspendAILogic(bool)" (?SuspendAILogic@CInterfaceScreenBase@@MAEX_N@Z)
InterfaceMessageBox.obj : error LNK2001: unresolved external symbol "protected: virtual void __thiscall CInterfaceScreenBase::SuspendAILogic(bool)" (?SuspendAILogic@CInterfaceScreenBase@@MAEX_N@Z)
MissionObjectFactory.obj : error LNK2001: unresolved external symbol "protected: virtual void __thiscall CInterfaceScreenBase::SuspendAILogic(bool)" (?SuspendAILogic@CInterfaceScreenBase@@MAEX_N@Z)
LoadMission.obj : error LNK2001: unresolved external symbol "protected: virtual void __thiscall CInterfaceScreenBase::SuspendAILogic(bool)" (?SuspendAILogic@CInterfaceScreenBase@@MAEX_N@Z)
PlayerGainLevel.obj : error LNK2001: unresolved external symbol "protected: virtual void __thiscall CInterfaceScreenBase::SuspendAILogic(bool)" (?SuspendAILogic@CInterfaceScreenBase@@MAEX_N@Z)
ReplayList.obj : error LNK2001: unresolved external symbol "protected: virtual void __thiscall CInterfaceScreenBase::SuspendAILogic(bool)" (?SuspendAILogic@CInterfaceScreenBase@@MAEX_N@Z)
SaveMission.obj : error LNK2001: unresolved external symbol "protected: virtual void __thiscall CInterfaceScreenBase::SuspendAILogic(bool)" (?SuspendAILogic@CInterfaceScreenBase@@MAEX_N@Z)
IMLoadMission.obj : error LNK2001: unresolved external symbol "protected: virtual void __thiscall CInterfaceScreenBase::SuspendAILogic(bool)" (?SuspendAILogic@CInterfaceScreenBase@@MAEX_N@Z)
IMSaveMission.obj : error LNK2001: unresolved external symbol "protected: virtual void __thiscall CInterfaceScreenBase::SuspendAILogic(bool)" (?SuspendAILogic@CInterfaceScreenBase@@MAEX_N@Z)
IMTutorial.obj : error LNK2001: unresolved external symbol "protected: virtual void __thiscall CInterfaceScreenBase::SuspendAILogic(bool)" (?SuspendAILogic@CInterfaceScreenBase@@MAEX_N@Z)
InterfaceIMModsList.obj : error LNK2001: unresolved external symbol "protected: virtual void __thiscall CInterfaceScreenBase::SuspendAILogic(bool)" (?SuspendAILogic@CInterfaceScreenBase@@MAEX_N@Z)
CustomChapter.obj : error LNK2001: unresolved external symbol "protected: virtual void __thiscall CInterfaceScreenBase::SuspendAILogic(bool)" (?SuspendAILogic@CInterfaceScreenBase@@MAEX_N@Z)
CustomList.obj : error LNK2001: unresolved external symbol "protected: virtual void __thiscall CInterfaceScreenBase::SuspendAILogic(bool)" (?SuspendAILogic@CInterfaceScreenBase@@MAEX_N@Z)
CustomMission.obj : error LNK2001: unresolved external symbol "protected: virtual void __thiscall CInterfaceScreenBase::SuspendAILogic(bool)" (?SuspendAILogic@CInterfaceScreenBase@@MAEX_N@Z)
CutsceneList.obj : error LNK2001: unresolved external symbol "protected: virtual void __thiscall CInterfaceScreenBase::SuspendAILogic(bool)" (?SuspendAILogic@CInterfaceScreenBase@@MAEX_N@Z)
QuitMission.obj : error LNK2001: unresolved external symbol "protected: virtual void __thiscall CInterfaceScreenBase::SuspendAILogic(bool)" (?SuspendAILogic@CInterfaceScreenBase@@MAEX_N@Z)
PlayMovieInterface.obj : error LNK2001: unresolved external symbol "protected: virtual void __thiscall CInterfaceScreenBase::SuspendAILogic(bool)" (?SuspendAILogic@CInterfaceScreenBase@@MAEX_N@Z)
BaseList.obj : error LNK2001: unresolved external symbol "protected: virtual void __thiscall CInterfaceScreenBase::SuspendAILogic(bool)" (?SuspendAILogic@CInterfaceScreenBase@@MAEX_N@Z)
CustomCampaign.obj : error LNK2001: unresolved external symbol "protected: virtual void __thiscall CInterfaceScreenBase::SuspendAILogic(bool)" (?SuspendAILogic@CInterfaceScreenBase@@MAEX_N@Z)
TotalEncyclopedia.obj : error LNK2001: unresolved external symbol "protected: virtual void __thiscall CInterfaceScreenBase::SuspendAILogic(bool)" (?SuspendAILogic@CInterfaceScreenBase@@MAEX_N@Z)
UnitsPool.obj : error LNK2001: unresolved external symbol "protected: virtual void __thiscall CInterfaceScreenBase::SuspendAILogic(bool)" (?SuspendAILogic@CInterfaceScreenBase@@MAEX_N@Z)
UpgradeUnit.obj : error LNK2001: unresolved external symbol "protected: virtual void __thiscall CInterfaceScreenBase::SuspendAILogic(bool)" (?SuspendAILogic@CInterfaceScreenBase@@MAEX_N@Z)
iMissionInternal.obj : error LNK2001: unresolved external symbol "protected: virtual void __thiscall CInterfaceScreenBase::SuspendAILogic(bool)" (?SuspendAILogic@CInterfaceScreenBase@@MAEX_N@Z)
MainMenu.obj : error LNK2001: unresolved external symbol "protected: virtual void __thiscall CInterfaceScreenBase::SuspendAILogic(bool)" (?SuspendAILogic@CInterfaceScreenBase@@MAEX_N@Z)
Mission.obj : error LNK2001: unresolved external symbol "protected: virtual void __thiscall CInterfaceScreenBase::SuspendAILogic(bool)" (?SuspendAILogic@CInterfaceScreenBase@@MAEX_N@Z)
SingleMedal.obj : error LNK2001: unresolved external symbol "protected: virtual void __thiscall CInterfaceScreenBase::SuspendAILogic(bool)" (?SuspendAILogic@CInterfaceScreenBase@@MAEX_N@Z)
Stats.obj : error LNK2001: unresolved external symbol "protected: virtual void __thiscall CInterfaceScreenBase::SuspendAILogic(bool)" (?SuspendAILogic@CInterfaceScreenBase@@MAEX_N@Z)
AddUnitToMission.obj : error LNK2001: unresolved external symbol "protected: virtual void __thiscall CInterfaceScreenBase::SuspendAILogic(bool)" (?SuspendAILogic@CInterfaceScreenBase@@MAEX_N@Z)
Campaign.obj : error LNK2001: unresolved external symbol "protected: virtual void __thiscall CInterfaceScreenBase::SuspendAILogic(bool)" (?SuspendAILogic@CInterfaceScreenBase@@MAEX_N@Z)
Chapter.obj : error LNK2001: unresolved external symbol "protected: virtual void __thiscall CInterfaceScreenBase::SuspendAILogic(bool)" (?SuspendAILogic@CInterfaceScreenBase@@MAEX_N@Z)
encyclopedia.obj : error LNK2001: unresolved external symbol "protected: virtual void __thiscall CInterfaceScreenBase::SuspendAILogic(bool)" (?SuspendAILogic@CInterfaceScreenBase@@MAEX_N@Z)
MultiplayerGamesList.obj : error LNK2001: unresolved external symbol "protected: virtual void __thiscall CInterfaceScreenBase::SuspendAILogic(bool)" (?SuspendAILogic@CInterfaceScreenBase@@MAEX_N@Z)
InterfaceOptionsSettings.obj : error LNK2001: unresolved external symbol "protected: virtual void __thiscall CInterfaceScreenBase::SuspendAILogic(bool)" (?SuspendAILogic@CInterfaceScreenBase@@MAEX_N@Z)
InterfaceSwitchModeTo.obj : error LNK2001: unresolved external symbol "protected: virtual void __thiscall CInterfaceScreenBase::SuspendAILogic(bool)" (?SuspendAILogic@CInterfaceScreenBase@@MAEX_N@Z)
InterfaceNewDepotUpgrades.obj : error LNK2001: unresolved external symbol "protected: virtual void __thiscall CInterfaceScreenBase::SuspendAILogic(bool)" (?SuspendAILogic@CInterfaceScreenBase@@MAEX_N@Z)
InterfaceMessageBox.obj : error LNK2001: unresolved external symbol "protected: virtual bool __stdcall CInterfaceScreenBase::OnCursorMove(class CVec2 const &)" (?OnCursorMove@CInterfaceScreenBase@@MAG_NABVCVec2@@@Z)
MissionObjectFactory.obj : error LNK2001: unresolved external symbol "protected: virtual bool __stdcall CInterfaceScreenBase::OnCursorMove(class CVec2 const &)" (?OnCursorMove@CInterfaceScreenBase@@MAG_NABVCVec2@@@Z)
ReplayList.obj : error LNK2001: unresolved external symbol "protected: virtual bool __stdcall CInterfaceScreenBase::OnCursorMove(class CVec2 const &)" (?OnCursorMove@CInterfaceScreenBase@@MAG_NABVCVec2@@@Z)
SaveMission.obj : error LNK2001: unresolved external symbol "protected: virtual bool __stdcall CInterfaceScreenBase::OnCursorMove(class CVec2 const &)" (?OnCursorMove@CInterfaceScreenBase@@MAG_NABVCVec2@@@Z)
SaveReplay.obj : error LNK2001: unresolved external symbol "protected: virtual bool __stdcall CInterfaceScreenBase::OnCursorMove(class CVec2 const &)" (?OnCursorMove@CInterfaceScreenBase@@MAG_NABVCVec2@@@Z)
SwitchToNextChapter.obj : error LNK2001: unresolved external symbol "protected: virtual bool __stdcall CInterfaceScreenBase::OnCursorMove(class CVec2 const &)" (?OnCursorMove@CInterfaceScreenBase@@MAG_NABVCVec2@@@Z)
IMTutorial.obj : error LNK2001: unresolved external symbol "protected: virtual bool __stdcall CInterfaceScreenBase::OnCursorMove(class CVec2 const &)" (?OnCursorMove@CInterfaceScreenBase@@MAG_NABVCVec2@@@Z)
InterfaceIMModsList.obj : error LNK2001: unresolved external symbol "protected: virtual bool __stdcall CInterfaceScreenBase::OnCursorMove(class CVec2 const &)" (?OnCursorMove@CInterfaceScreenBase@@MAG_NABVCVec2@@@Z)
LoadMission.obj : error LNK2001: unresolved external symbol "protected: virtual bool __stdcall CInterfaceScreenBase::OnCursorMove(class CVec2 const &)" (?OnCursorMove@CInterfaceScreenBase@@MAG_NABVCVec2@@@Z)
PlayerGainLevel.obj : error LNK2001: unresolved external symbol "protected: virtual bool __stdcall CInterfaceScreenBase::OnCursorMove(class CVec2 const &)" (?OnCursorMove@CInterfaceScreenBase@@MAG_NABVCVec2@@@Z)
CustomMission.obj : error LNK2001: unresolved external symbol "protected: virtual bool __stdcall CInterfaceScreenBase::OnCursorMove(class CVec2 const &)" (?OnCursorMove@CInterfaceScreenBase@@MAG_NABVCVec2@@@Z)
CutsceneList.obj : error LNK2001: unresolved external symbol "protected: virtual bool __stdcall CInterfaceScreenBase::OnCursorMove(class CVec2 const &)" (?OnCursorMove@CInterfaceScreenBase@@MAG_NABVCVec2@@@Z)
IMLoadMission.obj : error LNK2001: unresolved external symbol "protected: virtual bool __stdcall CInterfaceScreenBase::OnCursorMove(class CVec2 const &)" (?OnCursorMove@CInterfaceScreenBase@@MAG_NABVCVec2@@@Z)
IMSaveMission.obj : error LNK2001: unresolved external symbol "protected: virtual bool __stdcall CInterfaceScreenBase::OnCursorMove(class CVec2 const &)" (?OnCursorMove@CInterfaceScreenBase@@MAG_NABVCVec2@@@Z)
BaseList.obj : error LNK2001: unresolved external symbol "protected: virtual bool __stdcall CInterfaceScreenBase::OnCursorMove(class CVec2 const &)" (?OnCursorMove@CInterfaceScreenBase@@MAG_NABVCVec2@@@Z)
CustomCampaign.obj : error LNK2001: unresolved external symbol "protected: virtual bool __stdcall CInterfaceScreenBase::OnCursorMove(class CVec2 const &)" (?OnCursorMove@CInterfaceScreenBase@@MAG_NABVCVec2@@@Z)
CustomChapter.obj : error LNK2001: unresolved external symbol "protected: virtual bool __stdcall CInterfaceScreenBase::OnCursorMove(class CVec2 const &)" (?OnCursorMove@CInterfaceScreenBase@@MAG_NABVCVec2@@@Z)
CustomList.obj : error LNK2001: unresolved external symbol "protected: virtual bool __stdcall CInterfaceScreenBase::OnCursorMove(class CVec2 const &)" (?OnCursorMove@CInterfaceScreenBase@@MAG_NABVCVec2@@@Z)
iMissionInternal.obj : error LNK2001: unresolved external symbol "protected: virtual bool __stdcall CInterfaceScreenBase::OnCursorMove(class CVec2 const &)" (?OnCursorMove@CInterfaceScreenBase@@MAG_NABVCVec2@@@Z)
QuitMission.obj : error LNK2001: unresolved external symbol "protected: virtual bool __stdcall CInterfaceScreenBase::OnCursorMove(class CVec2 const &)" (?OnCursorMove@CInterfaceScreenBase@@MAG_NABVCVec2@@@Z)
PlayMovieInterface.obj : error LNK2001: unresolved external symbol "protected: virtual bool __stdcall CInterfaceScreenBase::OnCursorMove(class CVec2 const &)" (?OnCursorMove@CInterfaceScreenBase@@MAG_NABVCVec2@@@Z)
InterfaceStartDialog.obj : error LNK2001: unresolved external symbol "protected: virtual bool __stdcall CInterfaceScreenBase::OnCursorMove(class CVec2 const &)" (?OnCursorMove@CInterfaceScreenBase@@MAG_NABVCVec2@@@Z)
Stats.obj : error LNK2001: unresolved external symbol "protected: virtual bool __stdcall CInterfaceScreenBase::OnCursorMove(class CVec2 const &)" (?OnCursorMove@CInterfaceScreenBase@@MAG_NABVCVec2@@@Z)
TotalEncyclopedia.obj : error LNK2001: unresolved external symbol "protected: virtual bool __stdcall CInterfaceScreenBase::OnCursorMove(class CVec2 const &)" (?OnCursorMove@CInterfaceScreenBase@@MAG_NABVCVec2@@@Z)
UnitsPool.obj : error LNK2001: unresolved external symbol "protected: virtual bool __stdcall CInterfaceScreenBase::OnCursorMove(class CVec2 const &)" (?OnCursorMove@CInterfaceScreenBase@@MAG_NABVCVec2@@@Z)
UpgradeUnit.obj : error LNK2001: unresolved external symbol "protected: virtual bool __stdcall CInterfaceScreenBase::OnCursorMove(class CVec2 const &)" (?OnCursorMove@CInterfaceScreenBase@@MAG_NABVCVec2@@@Z)
InterMission.obj : error LNK2001: unresolved external symbol "protected: virtual bool __stdcall CInterfaceScreenBase::OnCursorMove(class CVec2 const &)" (?OnCursorMove@CInterfaceScreenBase@@MAG_NABVCVec2@@@Z)
MainMenu.obj : error LNK2001: unresolved external symbol "protected: virtual bool __stdcall CInterfaceScreenBase::OnCursorMove(class CVec2 const &)" (?OnCursorMove@CInterfaceScreenBase@@MAG_NABVCVec2@@@Z)
Mission.obj : error LNK2001: unresolved external symbol "protected: virtual bool __stdcall CInterfaceScreenBase::OnCursorMove(class CVec2 const &)" (?OnCursorMove@CInterfaceScreenBase@@MAG_NABVCVec2@@@Z)
SingleMedal.obj : error LNK2001: unresolved external symbol "protected: virtual bool __stdcall CInterfaceScreenBase::OnCursorMove(class CVec2 const &)" (?OnCursorMove@CInterfaceScreenBase@@MAG_NABVCVec2@@@Z)
AddUnitToMission.obj : error LNK2001: unresolved external symbol "protected: virtual bool __stdcall CInterfaceScreenBase::OnCursorMove(class CVec2 const &)" (?OnCursorMove@CInterfaceScreenBase@@MAG_NABVCVec2@@@Z)
Campaign.obj : error LNK2001: unresolved external symbol "protected: virtual bool __stdcall CInterfaceScreenBase::OnCursorMove(class CVec2 const &)" (?OnCursorMove@CInterfaceScreenBase@@MAG_NABVCVec2@@@Z)
Chapter.obj : error LNK2001: unresolved external symbol "protected: virtual bool __stdcall CInterfaceScreenBase::OnCursorMove(class CVec2 const &)" (?OnCursorMove@CInterfaceScreenBase@@MAG_NABVCVec2@@@Z)
encyclopedia.obj : error LNK2001: unresolved external symbol "protected: virtual bool __stdcall CInterfaceScreenBase::OnCursorMove(class CVec2 const &)" (?OnCursorMove@CInterfaceScreenBase@@MAG_NABVCVec2@@@Z)
MultiplayerGamesList.obj : error LNK2001: unresolved external symbol "protected: virtual bool __stdcall CInterfaceScreenBase::OnCursorMove(class CVec2 const &)" (?OnCursorMove@CInterfaceScreenBase@@MAG_NABVCVec2@@@Z)
InterfaceMPMapSettings.obj : error LNK2001: unresolved external symbol "protected: virtual bool __stdcall CInterfaceScreenBase::OnCursorMove(class CVec2 const &)" (?OnCursorMove@CInterfaceScreenBase@@MAG_NABVCVec2@@@Z)
InterfaceSwitchModeTo.obj : error LNK2001: unresolved external symbol "protected: virtual bool __stdcall CInterfaceScreenBase::OnCursorMove(class CVec2 const &)" (?OnCursorMove@CInterfaceScreenBase@@MAG_NABVCVec2@@@Z)
InterfaceNewDepotUpgrades.obj : error LNK2001: unresolved external symbol "protected: virtual bool __stdcall CInterfaceScreenBase::OnCursorMove(class CVec2 const &)" (?OnCursorMove@CInterfaceScreenBase@@MAG_NABVCVec2@@@Z)
SwitchToNextChapter.obj : error LNK2001: unresolved external symbol "public: __thiscall CInterfaceScreenBase::CInterfaceScreenBase(class std::basic_string<char,struct std::char_traits<char>,class std::allocator<char> > const &)" (??0CInterfaceScreenBase@@QAE@ABV?$basic_string@DU?$char_traits@D@std@@V?$allocator@D@2@@std@@@Z)
InterfaceMessageBox.obj : error LNK2001: unresolved external symbol "public: __thiscall CInterfaceScreenBase::CInterfaceScreenBase(class std::basic_string<char,struct std::char_traits<char>,class std::allocator<char> > const &)" (??0CInterfaceScreenBase@@QAE@ABV?$basic_string@DU?$char_traits@D@std@@V?$allocator@D@2@@std@@@Z)
MissionObjectFactory.obj : error LNK2001: unresolved external symbol "public: __thiscall CInterfaceScreenBase::CInterfaceScreenBase(class std::basic_string<char,struct std::char_traits<char>,class std::allocator<char> > const &)" (??0CInterfaceScreenBase@@QAE@ABV?$basic_string@DU?$char_traits@D@std@@V?$allocator@D@2@@std@@@Z)
PlayerGainLevel.obj : error LNK2001: unresolved external symbol "public: __thiscall CInterfaceScreenBase::CInterfaceScreenBase(class std::basic_string<char,struct std::char_traits<char>,class std::allocator<char> > const &)" (??0CInterfaceScreenBase@@QAE@ABV?$basic_string@DU?$char_traits@D@std@@V?$allocator@D@2@@std@@@Z)
ReplayList.obj : error LNK2001: unresolved external symbol "public: __thiscall CInterfaceScreenBase::CInterfaceScreenBase(class std::basic_string<char,struct std::char_traits<char>,class std::allocator<char> > const &)" (??0CInterfaceScreenBase@@QAE@ABV?$basic_string@DU?$char_traits@D@std@@V?$allocator@D@2@@std@@@Z)
SaveMission.obj : error LNK2001: unresolved external symbol "public: __thiscall CInterfaceScreenBase::CInterfaceScreenBase(class std::basic_string<char,struct std::char_traits<char>,class std::allocator<char> > const &)" (??0CInterfaceScreenBase@@QAE@ABV?$basic_string@DU?$char_traits@D@std@@V?$allocator@D@2@@std@@@Z)
SaveReplay.obj : error LNK2001: unresolved external symbol "public: __thiscall CInterfaceScreenBase::CInterfaceScreenBase(class std::basic_string<char,struct std::char_traits<char>,class std::allocator<char> > const &)" (??0CInterfaceScreenBase@@QAE@ABV?$basic_string@DU?$char_traits@D@std@@V?$allocator@D@2@@std@@@Z)
IMSaveMission.obj : error LNK2001: unresolved external symbol "public: __thiscall CInterfaceScreenBase::CInterfaceScreenBase(class std::basic_string<char,struct std::char_traits<char>,class std::allocator<char> > const &)" (??0CInterfaceScreenBase@@QAE@ABV?$basic_string@DU?$char_traits@D@std@@V?$allocator@D@2@@std@@@Z)
IMTutorial.obj : error LNK2001: unresolved external symbol "public: __thiscall CInterfaceScreenBase::CInterfaceScreenBase(class std::basic_string<char,struct std::char_traits<char>,class std::allocator<char> > const &)" (??0CInterfaceScreenBase@@QAE@ABV?$basic_string@DU?$char_traits@D@std@@V?$allocator@D@2@@std@@@Z)
InterfaceIMModsList.obj : error LNK2001: unresolved external symbol "public: __thiscall CInterfaceScreenBase::CInterfaceScreenBase(class std::basic_string<char,struct std::char_traits<char>,class std::allocator<char> > const &)" (??0CInterfaceScreenBase@@QAE@ABV?$basic_string@DU?$char_traits@D@std@@V?$allocator@D@2@@std@@@Z)
LoadMission.obj : error LNK2001: unresolved external symbol "public: __thiscall CInterfaceScreenBase::CInterfaceScreenBase(class std::basic_string<char,struct std::char_traits<char>,class std::allocator<char> > const &)" (??0CInterfaceScreenBase@@QAE@ABV?$basic_string@DU?$char_traits@D@std@@V?$allocator@D@2@@std@@@Z)
CustomList.obj : error LNK2001: unresolved external symbol "public: __thiscall CInterfaceScreenBase::CInterfaceScreenBase(class std::basic_string<char,struct std::char_traits<char>,class std::allocator<char> > const &)" (??0CInterfaceScreenBase@@QAE@ABV?$basic_string@DU?$char_traits@D@std@@V?$allocator@D@2@@std@@@Z)
CustomMission.obj : error LNK2001: unresolved external symbol "public: __thiscall CInterfaceScreenBase::CInterfaceScreenBase(class std::basic_string<char,struct std::char_traits<char>,class std::allocator<char> > const &)" (??0CInterfaceScreenBase@@QAE@ABV?$basic_string@DU?$char_traits@D@std@@V?$allocator@D@2@@std@@@Z)
CutsceneList.obj : error LNK2001: unresolved external symbol "public: __thiscall CInterfaceScreenBase::CInterfaceScreenBase(class std::basic_string<char,struct std::char_traits<char>,class std::allocator<char> > const &)" (??0CInterfaceScreenBase@@QAE@ABV?$basic_string@DU?$char_traits@D@std@@V?$allocator@D@2@@std@@@Z)
IMLoadMission.obj : error LNK2001: unresolved external symbol "public: __thiscall CInterfaceScreenBase::CInterfaceScreenBase(class std::basic_string<char,struct std::char_traits<char>,class std::allocator<char> > const &)" (??0CInterfaceScreenBase@@QAE@ABV?$basic_string@DU?$char_traits@D@std@@V?$allocator@D@2@@std@@@Z)
PlayMovieInterface.obj : error LNK2001: unresolved external symbol "public: __thiscall CInterfaceScreenBase::CInterfaceScreenBase(class std::basic_string<char,struct std::char_traits<char>,class std::allocator<char> > const &)" (??0CInterfaceScreenBase@@QAE@ABV?$basic_string@DU?$char_traits@D@std@@V?$allocator@D@2@@std@@@Z)
BaseList.obj : error LNK2001: unresolved external symbol "public: __thiscall CInterfaceScreenBase::CInterfaceScreenBase(class std::basic_string<char,struct std::char_traits<char>,class std::allocator<char> > const &)" (??0CInterfaceScreenBase@@QAE@ABV?$basic_string@DU?$char_traits@D@std@@V?$allocator@D@2@@std@@@Z)
CustomCampaign.obj : error LNK2001: unresolved external symbol "public: __thiscall CInterfaceScreenBase::CInterfaceScreenBase(class std::basic_string<char,struct std::char_traits<char>,class std::allocator<char> > const &)" (??0CInterfaceScreenBase@@QAE@ABV?$basic_string@DU?$char_traits@D@std@@V?$allocator@D@2@@std@@@Z)
CustomChapter.obj : error LNK2001: unresolved external symbol "public: __thiscall CInterfaceScreenBase::CInterfaceScreenBase(class std::basic_string<char,struct std::char_traits<char>,class std::allocator<char> > const &)" (??0CInterfaceScreenBase@@QAE@ABV?$basic_string@DU?$char_traits@D@std@@V?$allocator@D@2@@std@@@Z)
UnitsPool.obj : error LNK2001: unresolved external symbol "public: __thiscall CInterfaceScreenBase::CInterfaceScreenBase(class std::basic_string<char,struct std::char_traits<char>,class std::allocator<char> > const &)" (??0CInterfaceScreenBase@@QAE@ABV?$basic_string@DU?$char_traits@D@std@@V?$allocator@D@2@@std@@@Z)
UpgradeUnit.obj : error LNK2001: unresolved external symbol "public: __thiscall CInterfaceScreenBase::CInterfaceScreenBase(class std::basic_string<char,struct std::char_traits<char>,class std::allocator<char> > const &)" (??0CInterfaceScreenBase@@QAE@ABV?$basic_string@DU?$char_traits@D@std@@V?$allocator@D@2@@std@@@Z)
iMissionInternal.obj : error LNK2001: unresolved external symbol "public: __thiscall CInterfaceScreenBase::CInterfaceScreenBase(class std::basic_string<char,struct std::char_traits<char>,class std::allocator<char> > const &)" (??0CInterfaceScreenBase@@QAE@ABV?$basic_string@DU?$char_traits@D@std@@V?$allocator@D@2@@std@@@Z)
QuitMission.obj : error LNK2001: unresolved external symbol "public: __thiscall CInterfaceScreenBase::CInterfaceScreenBase(class std::basic_string<char,struct std::char_traits<char>,class std::allocator<char> > const &)" (??0CInterfaceScreenBase@@QAE@ABV?$basic_string@DU?$char_traits@D@std@@V?$allocator@D@2@@std@@@Z)
Mission.obj : error LNK2001: unresolved external symbol "public: __thiscall CInterfaceScreenBase::CInterfaceScreenBase(class std::basic_string<char,struct std::char_traits<char>,class std::allocator<char> > const &)" (??0CInterfaceScreenBase@@QAE@ABV?$basic_string@DU?$char_traits@D@std@@V?$allocator@D@2@@std@@@Z)
SingleMedal.obj : error LNK2001: unresolved external symbol "public: __thiscall CInterfaceScreenBase::CInterfaceScreenBase(class std::basic_string<char,struct std::char_traits<char>,class std::allocator<char> > const &)" (??0CInterfaceScreenBase@@QAE@ABV?$basic_string@DU?$char_traits@D@std@@V?$allocator@D@2@@std@@@Z)
Stats.obj : error LNK2001: unresolved external symbol "public: __thiscall CInterfaceScreenBase::CInterfaceScreenBase(class std::basic_string<char,struct std::char_traits<char>,class std::allocator<char> > const &)" (??0CInterfaceScreenBase@@QAE@ABV?$basic_string@DU?$char_traits@D@std@@V?$allocator@D@2@@std@@@Z)
TotalEncyclopedia.obj : error LNK2001: unresolved external symbol "public: __thiscall CInterfaceScreenBase::CInterfaceScreenBase(class std::basic_string<char,struct std::char_traits<char>,class std::allocator<char> > const &)" (??0CInterfaceScreenBase@@QAE@ABV?$basic_string@DU?$char_traits@D@std@@V?$allocator@D@2@@std@@@Z)
Campaign.obj : error LNK2001: unresolved external symbol "public: __thiscall CInterfaceScreenBase::CInterfaceScreenBase(class std::basic_string<char,struct std::char_traits<char>,class std::allocator<char> > const &)" (??0CInterfaceScreenBase@@QAE@ABV?$basic_string@DU?$char_traits@D@std@@V?$allocator@D@2@@std@@@Z)
Chapter.obj : error LNK2001: unresolved external symbol "public: __thiscall CInterfaceScreenBase::CInterfaceScreenBase(class std::basic_string<char,struct std::char_traits<char>,class std::allocator<char> > const &)" (??0CInterfaceScreenBase@@QAE@ABV?$basic_string@DU?$char_traits@D@std@@V?$allocator@D@2@@std@@@Z)
encyclopedia.obj : error LNK2001: unresolved external symbol "public: __thiscall CInterfaceScreenBase::CInterfaceScreenBase(class std::basic_string<char,struct std::char_traits<char>,class std::allocator<char> > const &)" (??0CInterfaceScreenBase@@QAE@ABV?$basic_string@DU?$char_traits@D@std@@V?$allocator@D@2@@std@@@Z)
MainMenu.obj : error LNK2001: unresolved external symbol "public: __thiscall CInterfaceScreenBase::CInterfaceScreenBase(class std::basic_string<char,struct std::char_traits<char>,class std::allocator<char> > const &)" (??0CInterfaceScreenBase@@QAE@ABV?$basic_string@DU?$char_traits@D@std@@V?$allocator@D@2@@std@@@Z)
MultiplayerGamesList.obj : error LNK2001: unresolved external symbol "public: __thiscall CInterfaceScreenBase::CInterfaceScreenBase(class std::basic_string<char,struct std::char_traits<char>,class std::allocator<char> > const &)" (??0CInterfaceScreenBase@@QAE@ABV?$basic_string@DU?$char_traits@D@std@@V?$allocator@D@2@@std@@@Z)
InterfaceSwitchModeTo.obj : error LNK2001: unresolved external symbol "public: __thiscall CInterfaceScreenBase::CInterfaceScreenBase(class std::basic_string<char,struct std::char_traits<char>,class std::allocator<char> > const &)" (??0CInterfaceScreenBase@@QAE@ABV?$basic_string@DU?$char_traits@D@std@@V?$allocator@D@2@@std@@@Z)
InterfaceNewDepotUpgrades.obj : error LNK2001: unresolved external symbol "public: __thiscall CInterfaceScreenBase::CInterfaceScreenBase(class std::basic_string<char,struct std::char_traits<char>,class std::allocator<char> > const &)" (??0CInterfaceScreenBase@@QAE@ABV?$basic_string@DU?$char_traits@D@std@@V?$allocator@D@2@@std@@@Z)
AddUnitToMission.obj : error LNK2001: unresolved external symbol "public: __thiscall CInterfaceScreenBase::CInterfaceScreenBase(class std::basic_string<char,struct std::char_traits<char>,class std::allocator<char> > const &)" (??0CInterfaceScreenBase@@QAE@ABV?$basic_string@DU?$char_traits@D@std@@V?$allocator@D@2@@std@@@Z)
InterfaceMessageBox.obj : error LNK2001: unresolved external symbol "public: virtual bool __stdcall CInterfaceScreenBase::Init(void)" (?Init@CInterfaceScreenBase@@UAG_NXZ)
MissionObjectFactory.obj : error LNK2001: unresolved external symbol "public: virtual bool __stdcall CInterfaceScreenBase::Init(void)" (?Init@CInterfaceScreenBase@@UAG_NXZ)
ReplayList.obj : error LNK2001: unresolved external symbol "public: virtual bool __stdcall CInterfaceScreenBase::Init(void)" (?Init@CInterfaceScreenBase@@UAG_NXZ)
SaveMission.obj : error LNK2001: unresolved external symbol "public: virtual bool __stdcall CInterfaceScreenBase::Init(void)" (?Init@CInterfaceScreenBase@@UAG_NXZ)
SaveReplay.obj : error LNK2001: unresolved external symbol "public: virtual bool __stdcall CInterfaceScreenBase::Init(void)" (?Init@CInterfaceScreenBase@@UAG_NXZ)
SwitchToNextChapter.obj : error LNK2001: unresolved external symbol "public: virtual bool __stdcall CInterfaceScreenBase::Init(void)" (?Init@CInterfaceScreenBase@@UAG_NXZ)
IMTutorial.obj : error LNK2001: unresolved external symbol "public: virtual bool __stdcall CInterfaceScreenBase::Init(void)" (?Init@CInterfaceScreenBase@@UAG_NXZ)
InterfaceIMModsList.obj : error LNK2001: unresolved external symbol "public: virtual bool __stdcall CInterfaceScreenBase::Init(void)" (?Init@CInterfaceScreenBase@@UAG_NXZ)
LoadMission.obj : error LNK2001: unresolved external symbol "public: virtual bool __stdcall CInterfaceScreenBase::Init(void)" (?Init@CInterfaceScreenBase@@UAG_NXZ)
PlayerGainLevel.obj : error LNK2001: unresolved external symbol "public: virtual bool __stdcall CInterfaceScreenBase::Init(void)" (?Init@CInterfaceScreenBase@@UAG_NXZ)
CustomMission.obj : error LNK2001: unresolved external symbol "public: virtual bool __stdcall CInterfaceScreenBase::Init(void)" (?Init@CInterfaceScreenBase@@UAG_NXZ)
CutsceneList.obj : error LNK2001: unresolved external symbol "public: virtual bool __stdcall CInterfaceScreenBase::Init(void)" (?Init@CInterfaceScreenBase@@UAG_NXZ)
IMLoadMission.obj : error LNK2001: unresolved external symbol "public: virtual bool __stdcall CInterfaceScreenBase::Init(void)" (?Init@CInterfaceScreenBase@@UAG_NXZ)
IMSaveMission.obj : error LNK2001: unresolved external symbol "public: virtual bool __stdcall CInterfaceScreenBase::Init(void)" (?Init@CInterfaceScreenBase@@UAG_NXZ)
BaseList.obj : error LNK2001: unresolved external symbol "public: virtual bool __stdcall CInterfaceScreenBase::Init(void)" (?Init@CInterfaceScreenBase@@UAG_NXZ)
CustomCampaign.obj : error LNK2001: unresolved external symbol "public: virtual bool __stdcall CInterfaceScreenBase::Init(void)" (?Init@CInterfaceScreenBase@@UAG_NXZ)
CustomChapter.obj : error LNK2001: unresolved external symbol "public: virtual bool __stdcall CInterfaceScreenBase::Init(void)" (?Init@CInterfaceScreenBase@@UAG_NXZ)
CustomList.obj : error LNK2001: unresolved external symbol "public: virtual bool __stdcall CInterfaceScreenBase::Init(void)" (?Init@CInterfaceScreenBase@@UAG_NXZ)
iMissionInternal.obj : error LNK2001: unresolved external symbol "public: virtual bool __stdcall CInterfaceScreenBase::Init(void)" (?Init@CInterfaceScreenBase@@UAG_NXZ)
QuitMission.obj : error LNK2001: unresolved external symbol "public: virtual bool __stdcall CInterfaceScreenBase::Init(void)" (?Init@CInterfaceScreenBase@@UAG_NXZ)
PlayMovieInterface.obj : error LNK2001: unresolved external symbol "public: virtual bool __stdcall CInterfaceScreenBase::Init(void)" (?Init@CInterfaceScreenBase@@UAG_NXZ)
InterfaceStartDialog.obj : error LNK2001: unresolved external symbol "public: virtual bool __stdcall CInterfaceScreenBase::Init(void)" (?Init@CInterfaceScreenBase@@UAG_NXZ)
Stats.obj : error LNK2001: unresolved external symbol "public: virtual bool __stdcall CInterfaceScreenBase::Init(void)" (?Init@CInterfaceScreenBase@@UAG_NXZ)
TotalEncyclopedia.obj : error LNK2001: unresolved external symbol "public: virtual bool __stdcall CInterfaceScreenBase::Init(void)" (?Init@CInterfaceScreenBase@@UAG_NXZ)
UnitsPool.obj : error LNK2001: unresolved external symbol "public: virtual bool __stdcall CInterfaceScreenBase::Init(void)" (?Init@CInterfaceScreenBase@@UAG_NXZ)
UpgradeUnit.obj : error LNK2001: unresolved external symbol "public: virtual bool __stdcall CInterfaceScreenBase::Init(void)" (?Init@CInterfaceScreenBase@@UAG_NXZ)
InterMission.obj : error LNK2001: unresolved external symbol "public: virtual bool __stdcall CInterfaceScreenBase::Init(void)" (?Init@CInterfaceScreenBase@@UAG_NXZ)
MainMenu.obj : error LNK2001: unresolved external symbol "public: virtual bool __stdcall CInterfaceScreenBase::Init(void)" (?Init@CInterfaceScreenBase@@UAG_NXZ)
Mission.obj : error LNK2001: unresolved external symbol "public: virtual bool __stdcall CInterfaceScreenBase::Init(void)" (?Init@CInterfaceScreenBase@@UAG_NXZ)
SingleMedal.obj : error LNK2001: unresolved external symbol "public: virtual bool __stdcall CInterfaceScreenBase::Init(void)" (?Init@CInterfaceScreenBase@@UAG_NXZ)
AddUnitToMission.obj : error LNK2001: unresolved external symbol "public: virtual bool __stdcall CInterfaceScreenBase::Init(void)" (?Init@CInterfaceScreenBase@@UAG_NXZ)
Campaign.obj : error LNK2001: unresolved external symbol "public: virtual bool __stdcall CInterfaceScreenBase::Init(void)" (?Init@CInterfaceScreenBase@@UAG_NXZ)
Chapter.obj : error LNK2001: unresolved external symbol "public: virtual bool __stdcall CInterfaceScreenBase::Init(void)" (?Init@CInterfaceScreenBase@@UAG_NXZ)
encyclopedia.obj : error LNK2001: unresolved external symbol "public: virtual bool __stdcall CInterfaceScreenBase::Init(void)" (?Init@CInterfaceScreenBase@@UAG_NXZ)
MultiplayerGamesList.obj : error LNK2001: unresolved external symbol "public: virtual bool __stdcall CInterfaceScreenBase::Init(void)" (?Init@CInterfaceScreenBase@@UAG_NXZ)
InterfaceMPMapSettings.obj : error LNK2001: unresolved external symbol "public: virtual bool __stdcall CInterfaceScreenBase::Init(void)" (?Init@CInterfaceScreenBase@@UAG_NXZ)
InterfaceSwitchModeTo.obj : error LNK2001: unresolved external symbol "public: virtual bool __stdcall CInterfaceScreenBase::Init(void)" (?Init@CInterfaceScreenBase@@UAG_NXZ)
InterfaceNewDepotUpgrades.obj : error LNK2001: unresolved external symbol "public: virtual bool __stdcall CInterfaceScreenBase::Init(void)" (?Init@CInterfaceScreenBase@@UAG_NXZ)
InterfaceMessageBox.obj : error LNK2001: unresolved external symbol "public: virtual void __stdcall CInterfaceScreenBase::Done(void)" (?Done@CInterfaceScreenBase@@UAGXXZ)
MissionObjectFactory.obj : error LNK2001: unresolved external symbol "public: virtual void __stdcall CInterfaceScreenBase::Done(void)" (?Done@CInterfaceScreenBase@@UAGXXZ)
ReplayList.obj : error LNK2001: unresolved external symbol "public: virtual void __stdcall CInterfaceScreenBase::Done(void)" (?Done@CInterfaceScreenBase@@UAGXXZ)
SaveMission.obj : error LNK2001: unresolved external symbol "public: virtual void __stdcall CInterfaceScreenBase::Done(void)" (?Done@CInterfaceScreenBase@@UAGXXZ)
SaveReplay.obj : error LNK2001: unresolved external symbol "public: virtual void __stdcall CInterfaceScreenBase::Done(void)" (?Done@CInterfaceScreenBase@@UAGXXZ)
SwitchToNextChapter.obj : error LNK2001: unresolved external symbol "public: virtual void __stdcall CInterfaceScreenBase::Done(void)" (?Done@CInterfaceScreenBase@@UAGXXZ)
IMTutorial.obj : error LNK2001: unresolved external symbol "public: virtual void __stdcall CInterfaceScreenBase::Done(void)" (?Done@CInterfaceScreenBase@@UAGXXZ)
InterfaceIMModsList.obj : error LNK2001: unresolved external symbol "public: virtual void __stdcall CInterfaceScreenBase::Done(void)" (?Done@CInterfaceScreenBase@@UAGXXZ)
LoadMission.obj : error LNK2001: unresolved external symbol "public: virtual void __stdcall CInterfaceScreenBase::Done(void)" (?Done@CInterfaceScreenBase@@UAGXXZ)
PlayerGainLevel.obj : error LNK2001: unresolved external symbol "public: virtual void __stdcall CInterfaceScreenBase::Done(void)" (?Done@CInterfaceScreenBase@@UAGXXZ)
CustomMission.obj : error LNK2001: unresolved external symbol "public: virtual void __stdcall CInterfaceScreenBase::Done(void)" (?Done@CInterfaceScreenBase@@UAGXXZ)
CutsceneList.obj : error LNK2001: unresolved external symbol "public: virtual void __stdcall CInterfaceScreenBase::Done(void)" (?Done@CInterfaceScreenBase@@UAGXXZ)
IMLoadMission.obj : error LNK2001: unresolved external symbol "public: virtual void __stdcall CInterfaceScreenBase::Done(void)" (?Done@CInterfaceScreenBase@@UAGXXZ)
IMSaveMission.obj : error LNK2001: unresolved external symbol "public: virtual void __stdcall CInterfaceScreenBase::Done(void)" (?Done@CInterfaceScreenBase@@UAGXXZ)
BaseList.obj : error LNK2001: unresolved external symbol "public: virtual void __stdcall CInterfaceScreenBase::Done(void)" (?Done@CInterfaceScreenBase@@UAGXXZ)
CustomCampaign.obj : error LNK2001: unresolved external symbol "public: virtual void __stdcall CInterfaceScreenBase::Done(void)" (?Done@CInterfaceScreenBase@@UAGXXZ)
CustomChapter.obj : error LNK2001: unresolved external symbol "public: virtual void __stdcall CInterfaceScreenBase::Done(void)" (?Done@CInterfaceScreenBase@@UAGXXZ)
CustomList.obj : error LNK2001: unresolved external symbol "public: virtual void __stdcall CInterfaceScreenBase::Done(void)" (?Done@CInterfaceScreenBase@@UAGXXZ)
UpgradeUnit.obj : error LNK2001: unresolved external symbol "public: virtual void __stdcall CInterfaceScreenBase::Done(void)" (?Done@CInterfaceScreenBase@@UAGXXZ)
iMissionInternal.obj : error LNK2001: unresolved external symbol "public: virtual void __stdcall CInterfaceScreenBase::Done(void)" (?Done@CInterfaceScreenBase@@UAGXXZ)
QuitMission.obj : error LNK2001: unresolved external symbol "public: virtual void __stdcall CInterfaceScreenBase::Done(void)" (?Done@CInterfaceScreenBase@@UAGXXZ)
PlayMovieInterface.obj : error LNK2001: unresolved external symbol "public: virtual void __stdcall CInterfaceScreenBase::Done(void)" (?Done@CInterfaceScreenBase@@UAGXXZ)
SingleMedal.obj : error LNK2001: unresolved external symbol "public: virtual void __stdcall CInterfaceScreenBase::Done(void)" (?Done@CInterfaceScreenBase@@UAGXXZ)
Stats.obj : error LNK2001: unresolved external symbol "public: virtual void __stdcall CInterfaceScreenBase::Done(void)" (?Done@CInterfaceScreenBase@@UAGXXZ)
TotalEncyclopedia.obj : error LNK2001: unresolved external symbol "public: virtual void __stdcall CInterfaceScreenBase::Done(void)" (?Done@CInterfaceScreenBase@@UAGXXZ)
UnitsPool.obj : error LNK2001: unresolved external symbol "public: virtual void __stdcall CInterfaceScreenBase::Done(void)" (?Done@CInterfaceScreenBase@@UAGXXZ)
Chapter.obj : error LNK2001: unresolved external symbol "public: virtual void __stdcall CInterfaceScreenBase::Done(void)" (?Done@CInterfaceScreenBase@@UAGXXZ)
encyclopedia.obj : error LNK2001: unresolved external symbol "public: virtual void __stdcall CInterfaceScreenBase::Done(void)" (?Done@CInterfaceScreenBase@@UAGXXZ)
MainMenu.obj : error LNK2001: unresolved external symbol "public: virtual void __stdcall CInterfaceScreenBase::Done(void)" (?Done@CInterfaceScreenBase@@UAGXXZ)
Mission.obj : error LNK2001: unresolved external symbol "public: virtual void __stdcall CInterfaceScreenBase::Done(void)" (?Done@CInterfaceScreenBase@@UAGXXZ)
InterfaceSwitchModeTo.obj : error LNK2001: unresolved external symbol "public: virtual void __stdcall CInterfaceScreenBase::Done(void)" (?Done@CInterfaceScreenBase@@UAGXXZ)
InterfaceNewDepotUpgrades.obj : error LNK2001: unresolved external symbol "public: virtual void __stdcall CInterfaceScreenBase::Done(void)" (?Done@CInterfaceScreenBase@@UAGXXZ)
AddUnitToMission.obj : error LNK2001: unresolved external symbol "public: virtual void __stdcall CInterfaceScreenBase::Done(void)" (?Done@CInterfaceScreenBase@@UAGXXZ)
Campaign.obj : error LNK2001: unresolved external symbol "public: virtual void __stdcall CInterfaceScreenBase::Done(void)" (?Done@CInterfaceScreenBase@@UAGXXZ)
MultiplayerGamesList.obj : error LNK2001: unresolved external symbol "public: virtual void __stdcall CInterfaceScreenBase::Done(void)" (?Done@CInterfaceScreenBase@@UAGXXZ)
MultiplayerStartingGame.obj : error LNK2001: unresolved external symbol "public: virtual void __stdcall CInterfaceScreenBase::Done(void)" (?Done@CInterfaceScreenBase@@UAGXXZ)
InterfaceMPAddressBook.obj : error LNK2001: unresolved external symbol "public: virtual void __stdcall CInterfaceScreenBase::Done(void)" (?Done@CInterfaceScreenBase@@UAGXXZ)
InterfaceOptionsSettings.obj : error LNK2001: unresolved external symbol "public: virtual void __stdcall CInterfaceScreenBase::Done(void)" (?Done@CInterfaceScreenBase@@UAGXXZ)
SwitchToNextChapter.obj : error LNK2001: unresolved external symbol "public: virtual void __stdcall CInterfaceScreenBase::Step(bool)" (?Step@CInterfaceScreenBase@@UAGX_N@Z)
InterfaceMessageBox.obj : error LNK2001: unresolved external symbol "public: virtual void __stdcall CInterfaceScreenBase::Step(bool)" (?Step@CInterfaceScreenBase@@UAGX_N@Z)
MissionObjectFactory.obj : error LNK2001: unresolved external symbol "public: virtual void __stdcall CInterfaceScreenBase::Step(bool)" (?Step@CInterfaceScreenBase@@UAGX_N@Z)
PlayerGainLevel.obj : error LNK2001: unresolved external symbol "public: virtual void __stdcall CInterfaceScreenBase::Step(bool)" (?Step@CInterfaceScreenBase@@UAGX_N@Z)
ReplayList.obj : error LNK2001: unresolved external symbol "public: virtual void __stdcall CInterfaceScreenBase::Step(bool)" (?Step@CInterfaceScreenBase@@UAGX_N@Z)
SaveMission.obj : error LNK2001: unresolved external symbol "public: virtual void __stdcall CInterfaceScreenBase::Step(bool)" (?Step@CInterfaceScreenBase@@UAGX_N@Z)
SaveReplay.obj : error LNK2001: unresolved external symbol "public: virtual void __stdcall CInterfaceScreenBase::Step(bool)" (?Step@CInterfaceScreenBase@@UAGX_N@Z)
IMSaveMission.obj : error LNK2001: unresolved external symbol "public: virtual void __stdcall CInterfaceScreenBase::Step(bool)" (?Step@CInterfaceScreenBase@@UAGX_N@Z)
IMTutorial.obj : error LNK2001: unresolved external symbol "public: virtual void __stdcall CInterfaceScreenBase::Step(bool)" (?Step@CInterfaceScreenBase@@UAGX_N@Z)
InterfaceIMModsList.obj : error LNK2001: unresolved external symbol "public: virtual void __stdcall CInterfaceScreenBase::Step(bool)" (?Step@CInterfaceScreenBase@@UAGX_N@Z)
LoadMission.obj : error LNK2001: unresolved external symbol "public: virtual void __stdcall CInterfaceScreenBase::Step(bool)" (?Step@CInterfaceScreenBase@@UAGX_N@Z)
CustomList.obj : error LNK2001: unresolved external symbol "public: virtual void __stdcall CInterfaceScreenBase::Step(bool)" (?Step@CInterfaceScreenBase@@UAGX_N@Z)
CustomMission.obj : error LNK2001: unresolved external symbol "public: virtual void __stdcall CInterfaceScreenBase::Step(bool)" (?Step@CInterfaceScreenBase@@UAGX_N@Z)
CutsceneList.obj : error LNK2001: unresolved external symbol "public: virtual void __stdcall CInterfaceScreenBase::Step(bool)" (?Step@CInterfaceScreenBase@@UAGX_N@Z)
IMLoadMission.obj : error LNK2001: unresolved external symbol "public: virtual void __stdcall CInterfaceScreenBase::Step(bool)" (?Step@CInterfaceScreenBase@@UAGX_N@Z)
PlayMovieInterface.obj : error LNK2001: unresolved external symbol "public: virtual void __stdcall CInterfaceScreenBase::Step(bool)" (?Step@CInterfaceScreenBase@@UAGX_N@Z)
BaseList.obj : error LNK2001: unresolved external symbol "public: virtual void __stdcall CInterfaceScreenBase::Step(bool)" (?Step@CInterfaceScreenBase@@UAGX_N@Z)
CustomCampaign.obj : error LNK2001: unresolved external symbol "public: virtual void __stdcall CInterfaceScreenBase::Step(bool)" (?Step@CInterfaceScreenBase@@UAGX_N@Z)
CustomChapter.obj : error LNK2001: unresolved external symbol "public: virtual void __stdcall CInterfaceScreenBase::Step(bool)" (?Step@CInterfaceScreenBase@@UAGX_N@Z)
UnitsPool.obj : error LNK2001: unresolved external symbol "public: virtual void __stdcall CInterfaceScreenBase::Step(bool)" (?Step@CInterfaceScreenBase@@UAGX_N@Z)
UpgradeUnit.obj : error LNK2001: unresolved external symbol "public: virtual void __stdcall CInterfaceScreenBase::Step(bool)" (?Step@CInterfaceScreenBase@@UAGX_N@Z)
iMissionInternal.obj : error LNK2001: unresolved external symbol "public: virtual void __stdcall CInterfaceScreenBase::Step(bool)" (?Step@CInterfaceScreenBase@@UAGX_N@Z)
QuitMission.obj : error LNK2001: unresolved external symbol "public: virtual void __stdcall CInterfaceScreenBase::Step(bool)" (?Step@CInterfaceScreenBase@@UAGX_N@Z)
Mission.obj : error LNK2001: unresolved external symbol "public: virtual void __stdcall CInterfaceScreenBase::Step(bool)" (?Step@CInterfaceScreenBase@@UAGX_N@Z)
SingleMedal.obj : error LNK2001: unresolved external symbol "public: virtual void __stdcall CInterfaceScreenBase::Step(bool)" (?Step@CInterfaceScreenBase@@UAGX_N@Z)
Stats.obj : error LNK2001: unresolved external symbol "public: virtual void __stdcall CInterfaceScreenBase::Step(bool)" (?Step@CInterfaceScreenBase@@UAGX_N@Z)
TotalEncyclopedia.obj : error LNK2001: unresolved external symbol "public: virtual void __stdcall CInterfaceScreenBase::Step(bool)" (?Step@CInterfaceScreenBase@@UAGX_N@Z)
Campaign.obj : error LNK2001: unresolved external symbol "public: virtual void __stdcall CInterfaceScreenBase::Step(bool)" (?Step@CInterfaceScreenBase@@UAGX_N@Z)
Chapter.obj : error LNK2001: unresolved external symbol "public: virtual void __stdcall CInterfaceScreenBase::Step(bool)" (?Step@CInterfaceScreenBase@@UAGX_N@Z)
encyclopedia.obj : error LNK2001: unresolved external symbol "public: virtual void __stdcall CInterfaceScreenBase::Step(bool)" (?Step@CInterfaceScreenBase@@UAGX_N@Z)
MainMenu.obj : error LNK2001: unresolved external symbol "public: virtual void __stdcall CInterfaceScreenBase::Step(bool)" (?Step@CInterfaceScreenBase@@UAGX_N@Z)
MultiplayerGamesList.obj : error LNK2001: unresolved external symbol "public: virtual void __stdcall CInterfaceScreenBase::Step(bool)" (?Step@CInterfaceScreenBase@@UAGX_N@Z)
InterfaceSwitchModeTo.obj : error LNK2001: unresolved external symbol "public: virtual void __stdcall CInterfaceScreenBase::Step(bool)" (?Step@CInterfaceScreenBase@@UAGX_N@Z)
InterfaceNewDepotUpgrades.obj : error LNK2001: unresolved external symbol "public: virtual void __stdcall CInterfaceScreenBase::Step(bool)" (?Step@CInterfaceScreenBase@@UAGX_N@Z)
AddUnitToMission.obj : error LNK2001: unresolved external symbol "public: virtual void __stdcall CInterfaceScreenBase::Step(bool)" (?Step@CInterfaceScreenBase@@UAGX_N@Z)
SwitchToNextChapter.obj : error LNK2001: unresolved external symbol "public: virtual bool __stdcall CInterfaceScreenBase::ProcessUIMessage(struct SGameMessage const &)" (?ProcessUIMessage@CInterfaceScreenBase@@UAG_NABUSGameMessage@@@Z)
InterfaceMessageBox.obj : error LNK2001: unresolved external symbol "public: virtual bool __stdcall CInterfaceScreenBase::ProcessUIMessage(struct SGameMessage const &)" (?ProcessUIMessage@CInterfaceScreenBase@@UAG_NABUSGameMessage@@@Z)
MissionObjectFactory.obj : error LNK2001: unresolved external symbol "public: virtual bool __stdcall CInterfaceScreenBase::ProcessUIMessage(struct SGameMessage const &)" (?ProcessUIMessage@CInterfaceScreenBase@@UAG_NABUSGameMessage@@@Z)
PlayerGainLevel.obj : error LNK2001: unresolved external symbol "public: virtual bool __stdcall CInterfaceScreenBase::ProcessUIMessage(struct SGameMessage const &)" (?ProcessUIMessage@CInterfaceScreenBase@@UAG_NABUSGameMessage@@@Z)
ReplayList.obj : error LNK2001: unresolved external symbol "public: virtual bool __stdcall CInterfaceScreenBase::ProcessUIMessage(struct SGameMessage const &)" (?ProcessUIMessage@CInterfaceScreenBase@@UAG_NABUSGameMessage@@@Z)
SaveMission.obj : error LNK2001: unresolved external symbol "public: virtual bool __stdcall CInterfaceScreenBase::ProcessUIMessage(struct SGameMessage const &)" (?ProcessUIMessage@CInterfaceScreenBase@@UAG_NABUSGameMessage@@@Z)
SaveReplay.obj : error LNK2001: unresolved external symbol "public: virtual bool __stdcall CInterfaceScreenBase::ProcessUIMessage(struct SGameMessage const &)" (?ProcessUIMessage@CInterfaceScreenBase@@UAG_NABUSGameMessage@@@Z)
IMSaveMission.obj : error LNK2001: unresolved external symbol "public: virtual bool __stdcall CInterfaceScreenBase::ProcessUIMessage(struct SGameMessage const &)" (?ProcessUIMessage@CInterfaceScreenBase@@UAG_NABUSGameMessage@@@Z)
IMTutorial.obj : error LNK2001: unresolved external symbol "public: virtual bool __stdcall CInterfaceScreenBase::ProcessUIMessage(struct SGameMessage const &)" (?ProcessUIMessage@CInterfaceScreenBase@@UAG_NABUSGameMessage@@@Z)
InterfaceIMModsList.obj : error LNK2001: unresolved external symbol "public: virtual bool __stdcall CInterfaceScreenBase::ProcessUIMessage(struct SGameMessage const &)" (?ProcessUIMessage@CInterfaceScreenBase@@UAG_NABUSGameMessage@@@Z)
LoadMission.obj : error LNK2001: unresolved external symbol "public: virtual bool __stdcall CInterfaceScreenBase::ProcessUIMessage(struct SGameMessage const &)" (?ProcessUIMessage@CInterfaceScreenBase@@UAG_NABUSGameMessage@@@Z)
CustomList.obj : error LNK2001: unresolved external symbol "public: virtual bool __stdcall CInterfaceScreenBase::ProcessUIMessage(struct SGameMessage const &)" (?ProcessUIMessage@CInterfaceScreenBase@@UAG_NABUSGameMessage@@@Z)
CustomMission.obj : error LNK2001: unresolved external symbol "public: virtual bool __stdcall CInterfaceScreenBase::ProcessUIMessage(struct SGameMessage const &)" (?ProcessUIMessage@CInterfaceScreenBase@@UAG_NABUSGameMessage@@@Z)
CutsceneList.obj : error LNK2001: unresolved external symbol "public: virtual bool __stdcall CInterfaceScreenBase::ProcessUIMessage(struct SGameMessage const &)" (?ProcessUIMessage@CInterfaceScreenBase@@UAG_NABUSGameMessage@@@Z)
IMLoadMission.obj : error LNK2001: unresolved external symbol "public: virtual bool __stdcall CInterfaceScreenBase::ProcessUIMessage(struct SGameMessage const &)" (?ProcessUIMessage@CInterfaceScreenBase@@UAG_NABUSGameMessage@@@Z)
PlayMovieInterface.obj : error LNK2001: unresolved external symbol "public: virtual bool __stdcall CInterfaceScreenBase::ProcessUIMessage(struct SGameMessage const &)" (?ProcessUIMessage@CInterfaceScreenBase@@UAG_NABUSGameMessage@@@Z)
BaseList.obj : error LNK2001: unresolved external symbol "public: virtual bool __stdcall CInterfaceScreenBase::ProcessUIMessage(struct SGameMessage const &)" (?ProcessUIMessage@CInterfaceScreenBase@@UAG_NABUSGameMessage@@@Z)
CustomCampaign.obj : error LNK2001: unresolved external symbol "public: virtual bool __stdcall CInterfaceScreenBase::ProcessUIMessage(struct SGameMessage const &)" (?ProcessUIMessage@CInterfaceScreenBase@@UAG_NABUSGameMessage@@@Z)
CustomChapter.obj : error LNK2001: unresolved external symbol "public: virtual bool __stdcall CInterfaceScreenBase::ProcessUIMessage(struct SGameMessage const &)" (?ProcessUIMessage@CInterfaceScreenBase@@UAG_NABUSGameMessage@@@Z)
UnitsPool.obj : error LNK2001: unresolved external symbol "public: virtual bool __stdcall CInterfaceScreenBase::ProcessUIMessage(struct SGameMessage const &)" (?ProcessUIMessage@CInterfaceScreenBase@@UAG_NABUSGameMessage@@@Z)
UpgradeUnit.obj : error LNK2001: unresolved external symbol "public: virtual bool __stdcall CInterfaceScreenBase::ProcessUIMessage(struct SGameMessage const &)" (?ProcessUIMessage@CInterfaceScreenBase@@UAG_NABUSGameMessage@@@Z)
iMissionInternal.obj : error LNK2001: unresolved external symbol "public: virtual bool __stdcall CInterfaceScreenBase::ProcessUIMessage(struct SGameMessage const &)" (?ProcessUIMessage@CInterfaceScreenBase@@UAG_NABUSGameMessage@@@Z)
QuitMission.obj : error LNK2001: unresolved external symbol "public: virtual bool __stdcall CInterfaceScreenBase::ProcessUIMessage(struct SGameMessage const &)" (?ProcessUIMessage@CInterfaceScreenBase@@UAG_NABUSGameMessage@@@Z)
Mission.obj : error LNK2001: unresolved external symbol "public: virtual bool __stdcall CInterfaceScreenBase::ProcessUIMessage(struct SGameMessage const &)" (?ProcessUIMessage@CInterfaceScreenBase@@UAG_NABUSGameMessage@@@Z)
SingleMedal.obj : error LNK2001: unresolved external symbol "public: virtual bool __stdcall CInterfaceScreenBase::ProcessUIMessage(struct SGameMessage const &)" (?ProcessUIMessage@CInterfaceScreenBase@@UAG_NABUSGameMessage@@@Z)
Stats.obj : error LNK2001: unresolved external symbol "public: virtual bool __stdcall CInterfaceScreenBase::ProcessUIMessage(struct SGameMessage const &)" (?ProcessUIMessage@CInterfaceScreenBase@@UAG_NABUSGameMessage@@@Z)
TotalEncyclopedia.obj : error LNK2001: unresolved external symbol "public: virtual bool __stdcall CInterfaceScreenBase::ProcessUIMessage(struct SGameMessage const &)" (?ProcessUIMessage@CInterfaceScreenBase@@UAG_NABUSGameMessage@@@Z)
Campaign.obj : error LNK2001: unresolved external symbol "public: virtual bool __stdcall CInterfaceScreenBase::ProcessUIMessage(struct SGameMessage const &)" (?ProcessUIMessage@CInterfaceScreenBase@@UAG_NABUSGameMessage@@@Z)
Chapter.obj : error LNK2001: unresolved external symbol "public: virtual bool __stdcall CInterfaceScreenBase::ProcessUIMessage(struct SGameMessage const &)" (?ProcessUIMessage@CInterfaceScreenBase@@UAG_NABUSGameMessage@@@Z)
encyclopedia.obj : error LNK2001: unresolved external symbol "public: virtual bool __stdcall CInterfaceScreenBase::ProcessUIMessage(struct SGameMessage const &)" (?ProcessUIMessage@CInterfaceScreenBase@@UAG_NABUSGameMessage@@@Z)
MainMenu.obj : error LNK2001: unresolved external symbol "public: virtual bool __stdcall CInterfaceScreenBase::ProcessUIMessage(struct SGameMessage const &)" (?ProcessUIMessage@CInterfaceScreenBase@@UAG_NABUSGameMessage@@@Z)
MultiplayerGamesList.obj : error LNK2001: unresolved external symbol "public: virtual bool __stdcall CInterfaceScreenBase::ProcessUIMessage(struct SGameMessage const &)" (?ProcessUIMessage@CInterfaceScreenBase@@UAG_NABUSGameMessage@@@Z)
InterfaceSwitchModeTo.obj : error LNK2001: unresolved external symbol "public: virtual bool __stdcall CInterfaceScreenBase::ProcessUIMessage(struct SGameMessage const &)" (?ProcessUIMessage@CInterfaceScreenBase@@UAG_NABUSGameMessage@@@Z)
InterfaceNewDepotUpgrades.obj : error LNK2001: unresolved external symbol "public: virtual bool __stdcall CInterfaceScreenBase::ProcessUIMessage(struct SGameMessage const &)" (?ProcessUIMessage@CInterfaceScreenBase@@UAG_NABUSGameMessage@@@Z)
AddUnitToMission.obj : error LNK2001: unresolved external symbol "public: virtual bool __stdcall CInterfaceScreenBase::ProcessUIMessage(struct SGameMessage const &)" (?ProcessUIMessage@CInterfaceScreenBase@@UAG_NABUSGameMessage@@@Z)
SwitchToNextChapter.obj : error LNK2001: unresolved external symbol "public: virtual bool __stdcall CInterfaceScreenBase::ProcessTextMessage(struct STextMessage const &)" (?ProcessTextMessage@CInterfaceScreenBase@@UAG_NABUSTextMessage@@@Z)
InterfaceMessageBox.obj : error LNK2001: unresolved external symbol "public: virtual bool __stdcall CInterfaceScreenBase::ProcessTextMessage(struct STextMessage const &)" (?ProcessTextMessage@CInterfaceScreenBase@@UAG_NABUSTextMessage@@@Z)
MissionObjectFactory.obj : error LNK2001: unresolved external symbol "public: virtual bool __stdcall CInterfaceScreenBase::ProcessTextMessage(struct STextMessage const &)" (?ProcessTextMessage@CInterfaceScreenBase@@UAG_NABUSTextMessage@@@Z)
PlayerGainLevel.obj : error LNK2001: unresolved external symbol "public: virtual bool __stdcall CInterfaceScreenBase::ProcessTextMessage(struct STextMessage const &)" (?ProcessTextMessage@CInterfaceScreenBase@@UAG_NABUSTextMessage@@@Z)
ReplayList.obj : error LNK2001: unresolved external symbol "public: virtual bool __stdcall CInterfaceScreenBase::ProcessTextMessage(struct STextMessage const &)" (?ProcessTextMessage@CInterfaceScreenBase@@UAG_NABUSTextMessage@@@Z)
SaveMission.obj : error LNK2001: unresolved external symbol "public: virtual bool __stdcall CInterfaceScreenBase::ProcessTextMessage(struct STextMessage const &)" (?ProcessTextMessage@CInterfaceScreenBase@@UAG_NABUSTextMessage@@@Z)
SaveReplay.obj : error LNK2001: unresolved external symbol "public: virtual bool __stdcall CInterfaceScreenBase::ProcessTextMessage(struct STextMessage const &)" (?ProcessTextMessage@CInterfaceScreenBase@@UAG_NABUSTextMessage@@@Z)
IMSaveMission.obj : error LNK2001: unresolved external symbol "public: virtual bool __stdcall CInterfaceScreenBase::ProcessTextMessage(struct STextMessage const &)" (?ProcessTextMessage@CInterfaceScreenBase@@UAG_NABUSTextMessage@@@Z)
IMTutorial.obj : error LNK2001: unresolved external symbol "public: virtual bool __stdcall CInterfaceScreenBase::ProcessTextMessage(struct STextMessage const &)" (?ProcessTextMessage@CInterfaceScreenBase@@UAG_NABUSTextMessage@@@Z)
InterfaceIMModsList.obj : error LNK2001: unresolved external symbol "public: virtual bool __stdcall CInterfaceScreenBase::ProcessTextMessage(struct STextMessage const &)" (?ProcessTextMessage@CInterfaceScreenBase@@UAG_NABUSTextMessage@@@Z)
LoadMission.obj : error LNK2001: unresolved external symbol "public: virtual bool __stdcall CInterfaceScreenBase::ProcessTextMessage(struct STextMessage const &)" (?ProcessTextMessage@CInterfaceScreenBase@@UAG_NABUSTextMessage@@@Z)
CustomList.obj : error LNK2001: unresolved external symbol "public: virtual bool __stdcall CInterfaceScreenBase::ProcessTextMessage(struct STextMessage const &)" (?ProcessTextMessage@CInterfaceScreenBase@@UAG_NABUSTextMessage@@@Z)
CustomMission.obj : error LNK2001: unresolved external symbol "public: virtual bool __stdcall CInterfaceScreenBase::ProcessTextMessage(struct STextMessage const &)" (?ProcessTextMessage@CInterfaceScreenBase@@UAG_NABUSTextMessage@@@Z)
CutsceneList.obj : error LNK2001: unresolved external symbol "public: virtual bool __stdcall CInterfaceScreenBase::ProcessTextMessage(struct STextMessage const &)" (?ProcessTextMessage@CInterfaceScreenBase@@UAG_NABUSTextMessage@@@Z)
IMLoadMission.obj : error LNK2001: unresolved external symbol "public: virtual bool __stdcall CInterfaceScreenBase::ProcessTextMessage(struct STextMessage const &)" (?ProcessTextMessage@CInterfaceScreenBase@@UAG_NABUSTextMessage@@@Z)
PlayMovieInterface.obj : error LNK2001: unresolved external symbol "public: virtual bool __stdcall CInterfaceScreenBase::ProcessTextMessage(struct STextMessage const &)" (?ProcessTextMessage@CInterfaceScreenBase@@UAG_NABUSTextMessage@@@Z)
BaseList.obj : error LNK2001: unresolved external symbol "public: virtual bool __stdcall CInterfaceScreenBase::ProcessTextMessage(struct STextMessage const &)" (?ProcessTextMessage@CInterfaceScreenBase@@UAG_NABUSTextMessage@@@Z)
CustomCampaign.obj : error LNK2001: unresolved external symbol "public: virtual bool __stdcall CInterfaceScreenBase::ProcessTextMessage(struct STextMessage const &)" (?ProcessTextMessage@CInterfaceScreenBase@@UAG_NABUSTextMessage@@@Z)
CustomChapter.obj : error LNK2001: unresolved external symbol "public: virtual bool __stdcall CInterfaceScreenBase::ProcessTextMessage(struct STextMessage const &)" (?ProcessTextMessage@CInterfaceScreenBase@@UAG_NABUSTextMessage@@@Z)
UnitsPool.obj : error LNK2001: unresolved external symbol "public: virtual bool __stdcall CInterfaceScreenBase::ProcessTextMessage(struct STextMessage const &)" (?ProcessTextMessage@CInterfaceScreenBase@@UAG_NABUSTextMessage@@@Z)
UpgradeUnit.obj : error LNK2001: unresolved external symbol "public: virtual bool __stdcall CInterfaceScreenBase::ProcessTextMessage(struct STextMessage const &)" (?ProcessTextMessage@CInterfaceScreenBase@@UAG_NABUSTextMessage@@@Z)
iMissionInternal.obj : error LNK2001: unresolved external symbol "public: virtual bool __stdcall CInterfaceScreenBase::ProcessTextMessage(struct STextMessage const &)" (?ProcessTextMessage@CInterfaceScreenBase@@UAG_NABUSTextMessage@@@Z)
QuitMission.obj : error LNK2001: unresolved external symbol "public: virtual bool __stdcall CInterfaceScreenBase::ProcessTextMessage(struct STextMessage const &)" (?ProcessTextMessage@CInterfaceScreenBase@@UAG_NABUSTextMessage@@@Z)
Mission.obj : error LNK2001: unresolved external symbol "public: virtual bool __stdcall CInterfaceScreenBase::ProcessTextMessage(struct STextMessage const &)" (?ProcessTextMessage@CInterfaceScreenBase@@UAG_NABUSTextMessage@@@Z)
SingleMedal.obj : error LNK2001: unresolved external symbol "public: virtual bool __stdcall CInterfaceScreenBase::ProcessTextMessage(struct STextMessage const &)" (?ProcessTextMessage@CInterfaceScreenBase@@UAG_NABUSTextMessage@@@Z)
Stats.obj : error LNK2001: unresolved external symbol "public: virtual bool __stdcall CInterfaceScreenBase::ProcessTextMessage(struct STextMessage const &)" (?ProcessTextMessage@CInterfaceScreenBase@@UAG_NABUSTextMessage@@@Z)
TotalEncyclopedia.obj : error LNK2001: unresolved external symbol "public: virtual bool __stdcall CInterfaceScreenBase::ProcessTextMessage(struct STextMessage const &)" (?ProcessTextMessage@CInterfaceScreenBase@@UAG_NABUSTextMessage@@@Z)
Campaign.obj : error LNK2001: unresolved external symbol "public: virtual bool __stdcall CInterfaceScreenBase::ProcessTextMessage(struct STextMessage const &)" (?ProcessTextMessage@CInterfaceScreenBase@@UAG_NABUSTextMessage@@@Z)
Chapter.obj : error LNK2001: unresolved external symbol "public: virtual bool __stdcall CInterfaceScreenBase::ProcessTextMessage(struct STextMessage const &)" (?ProcessTextMessage@CInterfaceScreenBase@@UAG_NABUSTextMessage@@@Z)
encyclopedia.obj : error LNK2001: unresolved external symbol "public: virtual bool __stdcall CInterfaceScreenBase::ProcessTextMessage(struct STextMessage const &)" (?ProcessTextMessage@CInterfaceScreenBase@@UAG_NABUSTextMessage@@@Z)
MainMenu.obj : error LNK2001: unresolved external symbol "public: virtual bool __stdcall CInterfaceScreenBase::ProcessTextMessage(struct STextMessage const &)" (?ProcessTextMessage@CInterfaceScreenBase@@UAG_NABUSTextMessage@@@Z)
MultiplayerGamesList.obj : error LNK2001: unresolved external symbol "public: virtual bool __stdcall CInterfaceScreenBase::ProcessTextMessage(struct STextMessage const &)" (?ProcessTextMessage@CInterfaceScreenBase@@UAG_NABUSTextMessage@@@Z)
InterfaceSwitchModeTo.obj : error LNK2001: unresolved external symbol "public: virtual bool __stdcall CInterfaceScreenBase::ProcessTextMessage(struct STextMessage const &)" (?ProcessTextMessage@CInterfaceScreenBase@@UAG_NABUSTextMessage@@@Z)
InterfaceNewDepotUpgrades.obj : error LNK2001: unresolved external symbol "public: virtual bool __stdcall CInterfaceScreenBase::ProcessTextMessage(struct STextMessage const &)" (?ProcessTextMessage@CInterfaceScreenBase@@UAG_NABUSTextMessage@@@Z)
AddUnitToMission.obj : error LNK2001: unresolved external symbol "public: virtual bool __stdcall CInterfaceScreenBase::ProcessTextMessage(struct STextMessage const &)" (?ProcessTextMessage@CInterfaceScreenBase@@UAG_NABUSTextMessage@@@Z)
SwitchToNextChapter.obj : error LNK2001: unresolved external symbol "public: virtual bool __stdcall CInterfaceScreenBase::GetMessageA(struct SGameMessage *)" (?GetMessageA@CInterfaceScreenBase@@UAG_NPAUSGameMessage@@@Z)
InterfaceMessageBox.obj : error LNK2001: unresolved external symbol "public: virtual bool __stdcall CInterfaceScreenBase::GetMessageA(struct SGameMessage *)" (?GetMessageA@CInterfaceScreenBase@@UAG_NPAUSGameMessage@@@Z)
MissionObjectFactory.obj : error LNK2001: unresolved external symbol "public: virtual bool __stdcall CInterfaceScreenBase::GetMessageA(struct SGameMessage *)" (?GetMessageA@CInterfaceScreenBase@@UAG_NPAUSGameMessage@@@Z)
PlayerGainLevel.obj : error LNK2001: unresolved external symbol "public: virtual bool __stdcall CInterfaceScreenBase::GetMessageA(struct SGameMessage *)" (?GetMessageA@CInterfaceScreenBase@@UAG_NPAUSGameMessage@@@Z)
ReplayList.obj : error LNK2001: unresolved external symbol "public: virtual bool __stdcall CInterfaceScreenBase::GetMessageA(struct SGameMessage *)" (?GetMessageA@CInterfaceScreenBase@@UAG_NPAUSGameMessage@@@Z)
SaveMission.obj : error LNK2001: unresolved external symbol "public: virtual bool __stdcall CInterfaceScreenBase::GetMessageA(struct SGameMessage *)" (?GetMessageA@CInterfaceScreenBase@@UAG_NPAUSGameMessage@@@Z)
SaveReplay.obj : error LNK2001: unresolved external symbol "public: virtual bool __stdcall CInterfaceScreenBase::GetMessageA(struct SGameMessage *)" (?GetMessageA@CInterfaceScreenBase@@UAG_NPAUSGameMessage@@@Z)
IMSaveMission.obj : error LNK2001: unresolved external symbol "public: virtual bool __stdcall CInterfaceScreenBase::GetMessageA(struct SGameMessage *)" (?GetMessageA@CInterfaceScreenBase@@UAG_NPAUSGameMessage@@@Z)
IMTutorial.obj : error LNK2001: unresolved external symbol "public: virtual bool __stdcall CInterfaceScreenBase::GetMessageA(struct SGameMessage *)" (?GetMessageA@CInterfaceScreenBase@@UAG_NPAUSGameMessage@@@Z)
InterfaceIMModsList.obj : error LNK2001: unresolved external symbol "public: virtual bool __stdcall CInterfaceScreenBase::GetMessageA(struct SGameMessage *)" (?GetMessageA@CInterfaceScreenBase@@UAG_NPAUSGameMessage@@@Z)
LoadMission.obj : error LNK2001: unresolved external symbol "public: virtual bool __stdcall CInterfaceScreenBase::GetMessageA(struct SGameMessage *)" (?GetMessageA@CInterfaceScreenBase@@UAG_NPAUSGameMessage@@@Z)
CustomList.obj : error LNK2001: unresolved external symbol "public: virtual bool __stdcall CInterfaceScreenBase::GetMessageA(struct SGameMessage *)" (?GetMessageA@CInterfaceScreenBase@@UAG_NPAUSGameMessage@@@Z)
CustomMission.obj : error LNK2001: unresolved external symbol "public: virtual bool __stdcall CInterfaceScreenBase::GetMessageA(struct SGameMessage *)" (?GetMessageA@CInterfaceScreenBase@@UAG_NPAUSGameMessage@@@Z)
CutsceneList.obj : error LNK2001: unresolved external symbol "public: virtual bool __stdcall CInterfaceScreenBase::GetMessageA(struct SGameMessage *)" (?GetMessageA@CInterfaceScreenBase@@UAG_NPAUSGameMessage@@@Z)
IMLoadMission.obj : error LNK2001: unresolved external symbol "public: virtual bool __stdcall CInterfaceScreenBase::GetMessageA(struct SGameMessage *)" (?GetMessageA@CInterfaceScreenBase@@UAG_NPAUSGameMessage@@@Z)
PlayMovieInterface.obj : error LNK2001: unresolved external symbol "public: virtual bool __stdcall CInterfaceScreenBase::GetMessageA(struct SGameMessage *)" (?GetMessageA@CInterfaceScreenBase@@UAG_NPAUSGameMessage@@@Z)
BaseList.obj : error LNK2001: unresolved external symbol "public: virtual bool __stdcall CInterfaceScreenBase::GetMessageA(struct SGameMessage *)" (?GetMessageA@CInterfaceScreenBase@@UAG_NPAUSGameMessage@@@Z)
CustomCampaign.obj : error LNK2001: unresolved external symbol "public: virtual bool __stdcall CInterfaceScreenBase::GetMessageA(struct SGameMessage *)" (?GetMessageA@CInterfaceScreenBase@@UAG_NPAUSGameMessage@@@Z)
CustomChapter.obj : error LNK2001: unresolved external symbol "public: virtual bool __stdcall CInterfaceScreenBase::GetMessageA(struct SGameMessage *)" (?GetMessageA@CInterfaceScreenBase@@UAG_NPAUSGameMessage@@@Z)
UnitsPool.obj : error LNK2001: unresolved external symbol "public: virtual bool __stdcall CInterfaceScreenBase::GetMessageA(struct SGameMessage *)" (?GetMessageA@CInterfaceScreenBase@@UAG_NPAUSGameMessage@@@Z)
UpgradeUnit.obj : error LNK2001: unresolved external symbol "public: virtual bool __stdcall CInterfaceScreenBase::GetMessageA(struct SGameMessage *)" (?GetMessageA@CInterfaceScreenBase@@UAG_NPAUSGameMessage@@@Z)
iMissionInternal.obj : error LNK2001: unresolved external symbol "public: virtual bool __stdcall CInterfaceScreenBase::GetMessageA(struct SGameMessage *)" (?GetMessageA@CInterfaceScreenBase@@UAG_NPAUSGameMessage@@@Z)
QuitMission.obj : error LNK2001: unresolved external symbol "public: virtual bool __stdcall CInterfaceScreenBase::GetMessageA(struct SGameMessage *)" (?GetMessageA@CInterfaceScreenBase@@UAG_NPAUSGameMessage@@@Z)
Mission.obj : error LNK2001: unresolved external symbol "public: virtual bool __stdcall CInterfaceScreenBase::GetMessageA(struct SGameMessage *)" (?GetMessageA@CInterfaceScreenBase@@UAG_NPAUSGameMessage@@@Z)
SingleMedal.obj : error LNK2001: unresolved external symbol "public: virtual bool __stdcall CInterfaceScreenBase::GetMessageA(struct SGameMessage *)" (?GetMessageA@CInterfaceScreenBase@@UAG_NPAUSGameMessage@@@Z)
Stats.obj : error LNK2001: unresolved external symbol "public: virtual bool __stdcall CInterfaceScreenBase::GetMessageA(struct SGameMessage *)" (?GetMessageA@CInterfaceScreenBase@@UAG_NPAUSGameMessage@@@Z)
TotalEncyclopedia.obj : error LNK2001: unresolved external symbol "public: virtual bool __stdcall CInterfaceScreenBase::GetMessageA(struct SGameMessage *)" (?GetMessageA@CInterfaceScreenBase@@UAG_NPAUSGameMessage@@@Z)
Campaign.obj : error LNK2001: unresolved external symbol "public: virtual bool __stdcall CInterfaceScreenBase::GetMessageA(struct SGameMessage *)" (?GetMessageA@CInterfaceScreenBase@@UAG_NPAUSGameMessage@@@Z)
Chapter.obj : error LNK2001: unresolved external symbol "public: virtual bool __stdcall CInterfaceScreenBase::GetMessageA(struct SGameMessage *)" (?GetMessageA@CInterfaceScreenBase@@UAG_NPAUSGameMessage@@@Z)
encyclopedia.obj : error LNK2001: unresolved external symbol "public: virtual bool __stdcall CInterfaceScreenBase::GetMessageA(struct SGameMessage *)" (?GetMessageA@CInterfaceScreenBase@@UAG_NPAUSGameMessage@@@Z)
MainMenu.obj : error LNK2001: unresolved external symbol "public: virtual bool __stdcall CInterfaceScreenBase::GetMessageA(struct SGameMessage *)" (?GetMessageA@CInterfaceScreenBase@@UAG_NPAUSGameMessage@@@Z)
MultiplayerGamesList.obj : error LNK2001: unresolved external symbol "public: virtual bool __stdcall CInterfaceScreenBase::GetMessageA(struct SGameMessage *)" (?GetMessageA@CInterfaceScreenBase@@UAG_NPAUSGameMessage@@@Z)
InterfaceSwitchModeTo.obj : error LNK2001: unresolved external symbol "public: virtual bool __stdcall CInterfaceScreenBase::GetMessageA(struct SGameMessage *)" (?GetMessageA@CInterfaceScreenBase@@UAG_NPAUSGameMessage@@@Z)
InterfaceNewDepotUpgrades.obj : error LNK2001: unresolved external symbol "public: virtual bool __stdcall CInterfaceScreenBase::GetMessageA(struct SGameMessage *)" (?GetMessageA@CInterfaceScreenBase@@UAG_NPAUSGameMessage@@@Z)
AddUnitToMission.obj : error LNK2001: unresolved external symbol "public: virtual bool __stdcall CInterfaceScreenBase::GetMessageA(struct SGameMessage *)" (?GetMessageA@CInterfaceScreenBase@@UAG_NPAUSGameMessage@@@Z)
SaveReplay.obj : error LNK2001: unresolved external symbol "public: virtual void __stdcall CInterfaceScreenBase::OnGetFocus(bool)" (?OnGetFocus@CInterfaceScreenBase@@UAGX_N@Z)
SwitchToNextChapter.obj : error LNK2001: unresolved external symbol "public: virtual void __stdcall CInterfaceScreenBase::OnGetFocus(bool)" (?OnGetFocus@CInterfaceScreenBase@@UAGX_N@Z)
InterfaceMessageBox.obj : error LNK2001: unresolved external symbol "public: virtual void __stdcall CInterfaceScreenBase::OnGetFocus(bool)" (?OnGetFocus@CInterfaceScreenBase@@UAGX_N@Z)
MissionObjectFactory.obj : error LNK2001: unresolved external symbol "public: virtual void __stdcall CInterfaceScreenBase::OnGetFocus(bool)" (?OnGetFocus@CInterfaceScreenBase@@UAGX_N@Z)
LoadMission.obj : error LNK2001: unresolved external symbol "public: virtual void __stdcall CInterfaceScreenBase::OnGetFocus(bool)" (?OnGetFocus@CInterfaceScreenBase@@UAGX_N@Z)
PlayerGainLevel.obj : error LNK2001: unresolved external symbol "public: virtual void __stdcall CInterfaceScreenBase::OnGetFocus(bool)" (?OnGetFocus@CInterfaceScreenBase@@UAGX_N@Z)
ReplayList.obj : error LNK2001: unresolved external symbol "public: virtual void __stdcall CInterfaceScreenBase::OnGetFocus(bool)" (?OnGetFocus@CInterfaceScreenBase@@UAGX_N@Z)
SaveMission.obj : error LNK2001: unresolved external symbol "public: virtual void __stdcall CInterfaceScreenBase::OnGetFocus(bool)" (?OnGetFocus@CInterfaceScreenBase@@UAGX_N@Z)
IMLoadMission.obj : error LNK2001: unresolved external symbol "public: virtual void __stdcall CInterfaceScreenBase::OnGetFocus(bool)" (?OnGetFocus@CInterfaceScreenBase@@UAGX_N@Z)
IMSaveMission.obj : error LNK2001: unresolved external symbol "public: virtual void __stdcall CInterfaceScreenBase::OnGetFocus(bool)" (?OnGetFocus@CInterfaceScreenBase@@UAGX_N@Z)
IMTutorial.obj : error LNK2001: unresolved external symbol "public: virtual void __stdcall CInterfaceScreenBase::OnGetFocus(bool)" (?OnGetFocus@CInterfaceScreenBase@@UAGX_N@Z)
InterfaceIMModsList.obj : error LNK2001: unresolved external symbol "public: virtual void __stdcall CInterfaceScreenBase::OnGetFocus(bool)" (?OnGetFocus@CInterfaceScreenBase@@UAGX_N@Z)
CustomChapter.obj : error LNK2001: unresolved external symbol "public: virtual void __stdcall CInterfaceScreenBase::OnGetFocus(bool)" (?OnGetFocus@CInterfaceScreenBase@@UAGX_N@Z)
CustomList.obj : error LNK2001: unresolved external symbol "public: virtual void __stdcall CInterfaceScreenBase::OnGetFocus(bool)" (?OnGetFocus@CInterfaceScreenBase@@UAGX_N@Z)
CustomMission.obj : error LNK2001: unresolved external symbol "public: virtual void __stdcall CInterfaceScreenBase::OnGetFocus(bool)" (?OnGetFocus@CInterfaceScreenBase@@UAGX_N@Z)
CutsceneList.obj : error LNK2001: unresolved external symbol "public: virtual void __stdcall CInterfaceScreenBase::OnGetFocus(bool)" (?OnGetFocus@CInterfaceScreenBase@@UAGX_N@Z)
PlayMovieInterface.obj : error LNK2001: unresolved external symbol "public: virtual void __stdcall CInterfaceScreenBase::OnGetFocus(bool)" (?OnGetFocus@CInterfaceScreenBase@@UAGX_N@Z)
InterfaceStartDialog.obj : error LNK2001: unresolved external symbol "public: virtual void __stdcall CInterfaceScreenBase::OnGetFocus(bool)" (?OnGetFocus@CInterfaceScreenBase@@UAGX_N@Z)
BaseList.obj : error LNK2001: unresolved external symbol "public: virtual void __stdcall CInterfaceScreenBase::OnGetFocus(bool)" (?OnGetFocus@CInterfaceScreenBase@@UAGX_N@Z)
CustomCampaign.obj : error LNK2001: unresolved external symbol "public: virtual void __stdcall CInterfaceScreenBase::OnGetFocus(bool)" (?OnGetFocus@CInterfaceScreenBase@@UAGX_N@Z)
UnitsPool.obj : error LNK2001: unresolved external symbol "public: virtual void __stdcall CInterfaceScreenBase::OnGetFocus(bool)" (?OnGetFocus@CInterfaceScreenBase@@UAGX_N@Z)
UpgradeUnit.obj : error LNK2001: unresolved external symbol "public: virtual void __stdcall CInterfaceScreenBase::OnGetFocus(bool)" (?OnGetFocus@CInterfaceScreenBase@@UAGX_N@Z)
iMissionInternal.obj : error LNK2001: unresolved external symbol "public: virtual void __stdcall CInterfaceScreenBase::OnGetFocus(bool)" (?OnGetFocus@CInterfaceScreenBase@@UAGX_N@Z)
QuitMission.obj : error LNK2001: unresolved external symbol "public: virtual void __stdcall CInterfaceScreenBase::OnGetFocus(bool)" (?OnGetFocus@CInterfaceScreenBase@@UAGX_N@Z)
Mission.obj : error LNK2001: unresolved external symbol "public: virtual void __stdcall CInterfaceScreenBase::OnGetFocus(bool)" (?OnGetFocus@CInterfaceScreenBase@@UAGX_N@Z)
SingleMedal.obj : error LNK2001: unresolved external symbol "public: virtual void __stdcall CInterfaceScreenBase::OnGetFocus(bool)" (?OnGetFocus@CInterfaceScreenBase@@UAGX_N@Z)
Stats.obj : error LNK2001: unresolved external symbol "public: virtual void __stdcall CInterfaceScreenBase::OnGetFocus(bool)" (?OnGetFocus@CInterfaceScreenBase@@UAGX_N@Z)
TotalEncyclopedia.obj : error LNK2001: unresolved external symbol "public: virtual void __stdcall CInterfaceScreenBase::OnGetFocus(bool)" (?OnGetFocus@CInterfaceScreenBase@@UAGX_N@Z)
Campaign.obj : error LNK2001: unresolved external symbol "public: virtual void __stdcall CInterfaceScreenBase::OnGetFocus(bool)" (?OnGetFocus@CInterfaceScreenBase@@UAGX_N@Z)
Chapter.obj : error LNK2001: unresolved external symbol "public: virtual void __stdcall CInterfaceScreenBase::OnGetFocus(bool)" (?OnGetFocus@CInterfaceScreenBase@@UAGX_N@Z)
encyclopedia.obj : error LNK2001: unresolved external symbol "public: virtual void __stdcall CInterfaceScreenBase::OnGetFocus(bool)" (?OnGetFocus@CInterfaceScreenBase@@UAGX_N@Z)
MainMenu.obj : error LNK2001: unresolved external symbol "public: virtual void __stdcall CInterfaceScreenBase::OnGetFocus(bool)" (?OnGetFocus@CInterfaceScreenBase@@UAGX_N@Z)
InterfaceUnitPerformance.obj : error LNK2001: unresolved external symbol "public: virtual void __stdcall CInterfaceScreenBase::OnGetFocus(bool)" (?OnGetFocus@CInterfaceScreenBase@@UAGX_N@Z)
InterfaceSwitchModeTo.obj : error LNK2001: unresolved external symbol "public: virtual void __stdcall CInterfaceScreenBase::OnGetFocus(bool)" (?OnGetFocus@CInterfaceScreenBase@@UAGX_N@Z)
InterfaceNewDepotUpgrades.obj : error LNK2001: unresolved external symbol "public: virtual void __stdcall CInterfaceScreenBase::OnGetFocus(bool)" (?OnGetFocus@CInterfaceScreenBase@@UAGX_N@Z)
AddUnitToMission.obj : error LNK2001: unresolved external symbol "public: virtual void __stdcall CInterfaceScreenBase::OnGetFocus(bool)" (?OnGetFocus@CInterfaceScreenBase@@UAGX_N@Z)
MultiplayerGamesList.obj : error LNK2001: unresolved external symbol "public: virtual void __stdcall CInterfaceScreenBase::OnGetFocus(bool)" (?OnGetFocus@CInterfaceScreenBase@@UAGX_N@Z)
MultiplayerStartingGame.obj : error LNK2001: unresolved external symbol "public: virtual void __stdcall CInterfaceScreenBase::OnGetFocus(bool)" (?OnGetFocus@CInterfaceScreenBase@@UAGX_N@Z)
InterfaceMPAddressBook.obj : error LNK2001: unresolved external symbol "public: virtual void __stdcall CInterfaceScreenBase::OnGetFocus(bool)" (?OnGetFocus@CInterfaceScreenBase@@UAGX_N@Z)
PlayersInterface.obj : error LNK2001: unresolved external symbol "public: virtual void __stdcall CInterfaceScreenBase::OnGetFocus(bool)" (?OnGetFocus@CInterfaceScreenBase@@UAGX_N@Z)
SwitchToNextChapter.obj : error LNK2001: unresolved external symbol "public: virtual void __stdcall CInterfaceScreenBase::StartInterface(void)" (?StartInterface@CInterfaceScreenBase@@UAGXXZ)
InterfaceMessageBox.obj : error LNK2001: unresolved external symbol "public: virtual void __stdcall CInterfaceScreenBase::StartInterface(void)" (?StartInterface@CInterfaceScreenBase@@UAGXXZ)
MissionObjectFactory.obj : error LNK2001: unresolved external symbol "public: virtual void __stdcall CInterfaceScreenBase::StartInterface(void)" (?StartInterface@CInterfaceScreenBase@@UAGXXZ)
PlayerGainLevel.obj : error LNK2001: unresolved external symbol "public: virtual void __stdcall CInterfaceScreenBase::StartInterface(void)" (?StartInterface@CInterfaceScreenBase@@UAGXXZ)
ReplayList.obj : error LNK2001: unresolved external symbol "public: virtual void __stdcall CInterfaceScreenBase::StartInterface(void)" (?StartInterface@CInterfaceScreenBase@@UAGXXZ)
SaveMission.obj : error LNK2001: unresolved external symbol "public: virtual void __stdcall CInterfaceScreenBase::StartInterface(void)" (?StartInterface@CInterfaceScreenBase@@UAGXXZ)
SaveReplay.obj : error LNK2001: unresolved external symbol "public: virtual void __stdcall CInterfaceScreenBase::StartInterface(void)" (?StartInterface@CInterfaceScreenBase@@UAGXXZ)
IMSaveMission.obj : error LNK2001: unresolved external symbol "public: virtual void __stdcall CInterfaceScreenBase::StartInterface(void)" (?StartInterface@CInterfaceScreenBase@@UAGXXZ)
IMTutorial.obj : error LNK2001: unresolved external symbol "public: virtual void __stdcall CInterfaceScreenBase::StartInterface(void)" (?StartInterface@CInterfaceScreenBase@@UAGXXZ)
InterfaceIMModsList.obj : error LNK2001: unresolved external symbol "public: virtual void __stdcall CInterfaceScreenBase::StartInterface(void)" (?StartInterface@CInterfaceScreenBase@@UAGXXZ)
LoadMission.obj : error LNK2001: unresolved external symbol "public: virtual void __stdcall CInterfaceScreenBase::StartInterface(void)" (?StartInterface@CInterfaceScreenBase@@UAGXXZ)
CustomList.obj : error LNK2001: unresolved external symbol "public: virtual void __stdcall CInterfaceScreenBase::StartInterface(void)" (?StartInterface@CInterfaceScreenBase@@UAGXXZ)
CustomMission.obj : error LNK2001: unresolved external symbol "public: virtual void __stdcall CInterfaceScreenBase::StartInterface(void)" (?StartInterface@CInterfaceScreenBase@@UAGXXZ)
CutsceneList.obj : error LNK2001: unresolved external symbol "public: virtual void __stdcall CInterfaceScreenBase::StartInterface(void)" (?StartInterface@CInterfaceScreenBase@@UAGXXZ)
IMLoadMission.obj : error LNK2001: unresolved external symbol "public: virtual void __stdcall CInterfaceScreenBase::StartInterface(void)" (?StartInterface@CInterfaceScreenBase@@UAGXXZ)
InterfaceStartDialog.obj : error LNK2001: unresolved external symbol "public: virtual void __stdcall CInterfaceScreenBase::StartInterface(void)" (?StartInterface@CInterfaceScreenBase@@UAGXXZ)
BaseList.obj : error LNK2001: unresolved external symbol "public: virtual void __stdcall CInterfaceScreenBase::StartInterface(void)" (?StartInterface@CInterfaceScreenBase@@UAGXXZ)
CustomCampaign.obj : error LNK2001: unresolved external symbol "public: virtual void __stdcall CInterfaceScreenBase::StartInterface(void)" (?StartInterface@CInterfaceScreenBase@@UAGXXZ)
CustomChapter.obj : error LNK2001: unresolved external symbol "public: virtual void __stdcall CInterfaceScreenBase::StartInterface(void)" (?StartInterface@CInterfaceScreenBase@@UAGXXZ)
UpgradeUnit.obj : error LNK2001: unresolved external symbol "public: virtual void __stdcall CInterfaceScreenBase::StartInterface(void)" (?StartInterface@CInterfaceScreenBase@@UAGXXZ)
iMissionInternal.obj : error LNK2001: unresolved external symbol "public: virtual void __stdcall CInterfaceScreenBase::StartInterface(void)" (?StartInterface@CInterfaceScreenBase@@UAGXXZ)
QuitMission.obj : error LNK2001: unresolved external symbol "public: virtual void __stdcall CInterfaceScreenBase::StartInterface(void)" (?StartInterface@CInterfaceScreenBase@@UAGXXZ)
PlayMovieInterface.obj : error LNK2001: unresolved external symbol "public: virtual void __stdcall CInterfaceScreenBase::StartInterface(void)" (?StartInterface@CInterfaceScreenBase@@UAGXXZ)
SingleMedal.obj : error LNK2001: unresolved external symbol "public: virtual void __stdcall CInterfaceScreenBase::StartInterface(void)" (?StartInterface@CInterfaceScreenBase@@UAGXXZ)
Stats.obj : error LNK2001: unresolved external symbol "public: virtual void __stdcall CInterfaceScreenBase::StartInterface(void)" (?StartInterface@CInterfaceScreenBase@@UAGXXZ)
TotalEncyclopedia.obj : error LNK2001: unresolved external symbol "public: virtual void __stdcall CInterfaceScreenBase::StartInterface(void)" (?StartInterface@CInterfaceScreenBase@@UAGXXZ)
UnitsPool.obj : error LNK2001: unresolved external symbol "public: virtual void __stdcall CInterfaceScreenBase::StartInterface(void)" (?StartInterface@CInterfaceScreenBase@@UAGXXZ)
Chapter.obj : error LNK2001: unresolved external symbol "public: virtual void __stdcall CInterfaceScreenBase::StartInterface(void)" (?StartInterface@CInterfaceScreenBase@@UAGXXZ)
encyclopedia.obj : error LNK2001: unresolved external symbol "public: virtual void __stdcall CInterfaceScreenBase::StartInterface(void)" (?StartInterface@CInterfaceScreenBase@@UAGXXZ)
MainMenu.obj : error LNK2001: unresolved external symbol "public: virtual void __stdcall CInterfaceScreenBase::StartInterface(void)" (?StartInterface@CInterfaceScreenBase@@UAGXXZ)
Mission.obj : error LNK2001: unresolved external symbol "public: virtual void __stdcall CInterfaceScreenBase::StartInterface(void)" (?StartInterface@CInterfaceScreenBase@@UAGXXZ)
InterfaceSwitchModeTo.obj : error LNK2001: unresolved external symbol "public: virtual void __stdcall CInterfaceScreenBase::StartInterface(void)" (?StartInterface@CInterfaceScreenBase@@UAGXXZ)
InterfaceNewDepotUpgrades.obj : error LNK2001: unresolved external symbol "public: virtual void __stdcall CInterfaceScreenBase::StartInterface(void)" (?StartInterface@CInterfaceScreenBase@@UAGXXZ)
AddUnitToMission.obj : error LNK2001: unresolved external symbol "public: virtual void __stdcall CInterfaceScreenBase::StartInterface(void)" (?StartInterface@CInterfaceScreenBase@@UAGXXZ)
Campaign.obj : error LNK2001: unresolved external symbol "public: virtual void __stdcall CInterfaceScreenBase::StartInterface(void)" (?StartInterface@CInterfaceScreenBase@@UAGXXZ)
InterfaceMPMapSettings.obj : error LNK2001: unresolved external symbol "public: virtual void __stdcall CInterfaceScreenBase::StartInterface(void)" (?StartInterface@CInterfaceScreenBase@@UAGXXZ)
InterfaceMPAddressBook.obj : error LNK2001: unresolved external symbol "public: virtual void __stdcall CInterfaceScreenBase::StartInterface(void)" (?StartInterface@CInterfaceScreenBase@@UAGXXZ)
PlayersInterface.obj : error LNK2001: unresolved external symbol "public: virtual void __stdcall CInterfaceScreenBase::StartInterface(void)" (?StartInterface@CInterfaceScreenBase@@UAGXXZ)
InterfaceUnitPerformance.obj : error LNK2001: unresolved external symbol "public: virtual void __stdcall CInterfaceScreenBase::StartInterface(void)" (?StartInterface@CInterfaceScreenBase@@UAGXXZ)
MultiplayerGamesList.obj : error LNK2001: unresolved external symbol "public: virtual void __stdcall CInterfaceScreenBase::StartInterface(void)" (?StartInterface@CInterfaceScreenBase@@UAGXXZ)
MultiplayerStartingGame.obj : error LNK2001: unresolved external symbol "public: virtual void __stdcall CInterfaceScreenBase::StartInterface(void)" (?StartInterface@CInterfaceScreenBase@@UAGXXZ)
InterfaceMPChat.obj : error LNK2001: unresolved external symbol "public: virtual void __stdcall CInterfaceScreenBase::StartInterface(void)" (?StartInterface@CInterfaceScreenBase@@UAGXXZ)
InterfaceMPCreateGame.obj : error LNK2001: unresolved external symbol "public: virtual void __stdcall CInterfaceScreenBase::StartInterface(void)" (?StartInterface@CInterfaceScreenBase@@UAGXXZ)
SwitchToNextChapter.obj : error LNK2001: unresolved external symbol "public: virtual int __stdcall CInterfaceScreenBase::FinishInterface(struct IInterfaceCommand *)" (?FinishInterface@CInterfaceScreenBase@@UAGHPAUIInterfaceCommand@@@Z)
InterfaceMessageBox.obj : error LNK2001: unresolved external symbol "public: virtual int __stdcall CInterfaceScreenBase::FinishInterface(struct IInterfaceCommand *)" (?FinishInterface@CInterfaceScreenBase@@UAGHPAUIInterfaceCommand@@@Z)
MissionObjectFactory.obj : error LNK2001: unresolved external symbol "public: virtual int __stdcall CInterfaceScreenBase::FinishInterface(struct IInterfaceCommand *)" (?FinishInterface@CInterfaceScreenBase@@UAGHPAUIInterfaceCommand@@@Z)
PlayerGainLevel.obj : error LNK2001: unresolved external symbol "public: virtual int __stdcall CInterfaceScreenBase::FinishInterface(struct IInterfaceCommand *)" (?FinishInterface@CInterfaceScreenBase@@UAGHPAUIInterfaceCommand@@@Z)
ReplayList.obj : error LNK2001: unresolved external symbol "public: virtual int __stdcall CInterfaceScreenBase::FinishInterface(struct IInterfaceCommand *)" (?FinishInterface@CInterfaceScreenBase@@UAGHPAUIInterfaceCommand@@@Z)
SaveMission.obj : error LNK2001: unresolved external symbol "public: virtual int __stdcall CInterfaceScreenBase::FinishInterface(struct IInterfaceCommand *)" (?FinishInterface@CInterfaceScreenBase@@UAGHPAUIInterfaceCommand@@@Z)
SaveReplay.obj : error LNK2001: unresolved external symbol "public: virtual int __stdcall CInterfaceScreenBase::FinishInterface(struct IInterfaceCommand *)" (?FinishInterface@CInterfaceScreenBase@@UAGHPAUIInterfaceCommand@@@Z)
IMSaveMission.obj : error LNK2001: unresolved external symbol "public: virtual int __stdcall CInterfaceScreenBase::FinishInterface(struct IInterfaceCommand *)" (?FinishInterface@CInterfaceScreenBase@@UAGHPAUIInterfaceCommand@@@Z)
IMTutorial.obj : error LNK2001: unresolved external symbol "public: virtual int __stdcall CInterfaceScreenBase::FinishInterface(struct IInterfaceCommand *)" (?FinishInterface@CInterfaceScreenBase@@UAGHPAUIInterfaceCommand@@@Z)
InterfaceIMModsList.obj : error LNK2001: unresolved external symbol "public: virtual int __stdcall CInterfaceScreenBase::FinishInterface(struct IInterfaceCommand *)" (?FinishInterface@CInterfaceScreenBase@@UAGHPAUIInterfaceCommand@@@Z)
LoadMission.obj : error LNK2001: unresolved external symbol "public: virtual int __stdcall CInterfaceScreenBase::FinishInterface(struct IInterfaceCommand *)" (?FinishInterface@CInterfaceScreenBase@@UAGHPAUIInterfaceCommand@@@Z)
CustomList.obj : error LNK2001: unresolved external symbol "public: virtual int __stdcall CInterfaceScreenBase::FinishInterface(struct IInterfaceCommand *)" (?FinishInterface@CInterfaceScreenBase@@UAGHPAUIInterfaceCommand@@@Z)
CustomMission.obj : error LNK2001: unresolved external symbol "public: virtual int __stdcall CInterfaceScreenBase::FinishInterface(struct IInterfaceCommand *)" (?FinishInterface@CInterfaceScreenBase@@UAGHPAUIInterfaceCommand@@@Z)
CutsceneList.obj : error LNK2001: unresolved external symbol "public: virtual int __stdcall CInterfaceScreenBase::FinishInterface(struct IInterfaceCommand *)" (?FinishInterface@CInterfaceScreenBase@@UAGHPAUIInterfaceCommand@@@Z)
IMLoadMission.obj : error LNK2001: unresolved external symbol "public: virtual int __stdcall CInterfaceScreenBase::FinishInterface(struct IInterfaceCommand *)" (?FinishInterface@CInterfaceScreenBase@@UAGHPAUIInterfaceCommand@@@Z)
PlayMovieInterface.obj : error LNK2001: unresolved external symbol "public: virtual int __stdcall CInterfaceScreenBase::FinishInterface(struct IInterfaceCommand *)" (?FinishInterface@CInterfaceScreenBase@@UAGHPAUIInterfaceCommand@@@Z)
BaseList.obj : error LNK2001: unresolved external symbol "public: virtual int __stdcall CInterfaceScreenBase::FinishInterface(struct IInterfaceCommand *)" (?FinishInterface@CInterfaceScreenBase@@UAGHPAUIInterfaceCommand@@@Z)
CustomCampaign.obj : error LNK2001: unresolved external symbol "public: virtual int __stdcall CInterfaceScreenBase::FinishInterface(struct IInterfaceCommand *)" (?FinishInterface@CInterfaceScreenBase@@UAGHPAUIInterfaceCommand@@@Z)
CustomChapter.obj : error LNK2001: unresolved external symbol "public: virtual int __stdcall CInterfaceScreenBase::FinishInterface(struct IInterfaceCommand *)" (?FinishInterface@CInterfaceScreenBase@@UAGHPAUIInterfaceCommand@@@Z)
UnitsPool.obj : error LNK2001: unresolved external symbol "public: virtual int __stdcall CInterfaceScreenBase::FinishInterface(struct IInterfaceCommand *)" (?FinishInterface@CInterfaceScreenBase@@UAGHPAUIInterfaceCommand@@@Z)
UpgradeUnit.obj : error LNK2001: unresolved external symbol "public: virtual int __stdcall CInterfaceScreenBase::FinishInterface(struct IInterfaceCommand *)" (?FinishInterface@CInterfaceScreenBase@@UAGHPAUIInterfaceCommand@@@Z)
iMissionInternal.obj : error LNK2001: unresolved external symbol "public: virtual int __stdcall CInterfaceScreenBase::FinishInterface(struct IInterfaceCommand *)" (?FinishInterface@CInterfaceScreenBase@@UAGHPAUIInterfaceCommand@@@Z)
QuitMission.obj : error LNK2001: unresolved external symbol "public: virtual int __stdcall CInterfaceScreenBase::FinishInterface(struct IInterfaceCommand *)" (?FinishInterface@CInterfaceScreenBase@@UAGHPAUIInterfaceCommand@@@Z)
Mission.obj : error LNK2001: unresolved external symbol "public: virtual int __stdcall CInterfaceScreenBase::FinishInterface(struct IInterfaceCommand *)" (?FinishInterface@CInterfaceScreenBase@@UAGHPAUIInterfaceCommand@@@Z)
SingleMedal.obj : error LNK2001: unresolved external symbol "public: virtual int __stdcall CInterfaceScreenBase::FinishInterface(struct IInterfaceCommand *)" (?FinishInterface@CInterfaceScreenBase@@UAGHPAUIInterfaceCommand@@@Z)
Stats.obj : error LNK2001: unresolved external symbol "public: virtual int __stdcall CInterfaceScreenBase::FinishInterface(struct IInterfaceCommand *)" (?FinishInterface@CInterfaceScreenBase@@UAGHPAUIInterfaceCommand@@@Z)
TotalEncyclopedia.obj : error LNK2001: unresolved external symbol "public: virtual int __stdcall CInterfaceScreenBase::FinishInterface(struct IInterfaceCommand *)" (?FinishInterface@CInterfaceScreenBase@@UAGHPAUIInterfaceCommand@@@Z)
Campaign.obj : error LNK2001: unresolved external symbol "public: virtual int __stdcall CInterfaceScreenBase::FinishInterface(struct IInterfaceCommand *)" (?FinishInterface@CInterfaceScreenBase@@UAGHPAUIInterfaceCommand@@@Z)
Chapter.obj : error LNK2001: unresolved external symbol "public: virtual int __stdcall CInterfaceScreenBase::FinishInterface(struct IInterfaceCommand *)" (?FinishInterface@CInterfaceScreenBase@@UAGHPAUIInterfaceCommand@@@Z)
encyclopedia.obj : error LNK2001: unresolved external symbol "public: virtual int __stdcall CInterfaceScreenBase::FinishInterface(struct IInterfaceCommand *)" (?FinishInterface@CInterfaceScreenBase@@UAGHPAUIInterfaceCommand@@@Z)
MainMenu.obj : error LNK2001: unresolved external symbol "public: virtual int __stdcall CInterfaceScreenBase::FinishInterface(struct IInterfaceCommand *)" (?FinishInterface@CInterfaceScreenBase@@UAGHPAUIInterfaceCommand@@@Z)
MultiplayerGamesList.obj : error LNK2001: unresolved external symbol "public: virtual int __stdcall CInterfaceScreenBase::FinishInterface(struct IInterfaceCommand *)" (?FinishInterface@CInterfaceScreenBase@@UAGHPAUIInterfaceCommand@@@Z)
InterfaceSwitchModeTo.obj : error LNK2001: unresolved external symbol "public: virtual int __stdcall CInterfaceScreenBase::FinishInterface(struct IInterfaceCommand *)" (?FinishInterface@CInterfaceScreenBase@@UAGHPAUIInterfaceCommand@@@Z)
InterfaceNewDepotUpgrades.obj : error LNK2001: unresolved external symbol "public: virtual int __stdcall CInterfaceScreenBase::FinishInterface(struct IInterfaceCommand *)" (?FinishInterface@CInterfaceScreenBase@@UAGHPAUIInterfaceCommand@@@Z)
AddUnitToMission.obj : error LNK2001: unresolved external symbol "public: virtual int __stdcall CInterfaceScreenBase::FinishInterface(struct IInterfaceCommand *)" (?FinishInterface@CInterfaceScreenBase@@UAGHPAUIInterfaceCommand@@@Z)
SwitchToNextChapter.obj : error LNK2001: unresolved external symbol "public: virtual int __stdcall CInterfaceScreenBase::FinishInterface(int,char const *)" (?FinishInterface@CInterfaceScreenBase@@UAGHHPBD@Z)
InterfaceMessageBox.obj : error LNK2001: unresolved external symbol "public: virtual int __stdcall CInterfaceScreenBase::FinishInterface(int,char const *)" (?FinishInterface@CInterfaceScreenBase@@UAGHHPBD@Z)
MissionObjectFactory.obj : error LNK2001: unresolved external symbol "public: virtual int __stdcall CInterfaceScreenBase::FinishInterface(int,char const *)" (?FinishInterface@CInterfaceScreenBase@@UAGHHPBD@Z)
PlayerGainLevel.obj : error LNK2001: unresolved external symbol "public: virtual int __stdcall CInterfaceScreenBase::FinishInterface(int,char const *)" (?FinishInterface@CInterfaceScreenBase@@UAGHHPBD@Z)
ReplayList.obj : error LNK2001: unresolved external symbol "public: virtual int __stdcall CInterfaceScreenBase::FinishInterface(int,char const *)" (?FinishInterface@CInterfaceScreenBase@@UAGHHPBD@Z)
SaveMission.obj : error LNK2001: unresolved external symbol "public: virtual int __stdcall CInterfaceScreenBase::FinishInterface(int,char const *)" (?FinishInterface@CInterfaceScreenBase@@UAGHHPBD@Z)
SaveReplay.obj : error LNK2001: unresolved external symbol "public: virtual int __stdcall CInterfaceScreenBase::FinishInterface(int,char const *)" (?FinishInterface@CInterfaceScreenBase@@UAGHHPBD@Z)
IMSaveMission.obj : error LNK2001: unresolved external symbol "public: virtual int __stdcall CInterfaceScreenBase::FinishInterface(int,char const *)" (?FinishInterface@CInterfaceScreenBase@@UAGHHPBD@Z)
IMTutorial.obj : error LNK2001: unresolved external symbol "public: virtual int __stdcall CInterfaceScreenBase::FinishInterface(int,char const *)" (?FinishInterface@CInterfaceScreenBase@@UAGHHPBD@Z)
InterfaceIMModsList.obj : error LNK2001: unresolved external symbol "public: virtual int __stdcall CInterfaceScreenBase::FinishInterface(int,char const *)" (?FinishInterface@CInterfaceScreenBase@@UAGHHPBD@Z)
LoadMission.obj : error LNK2001: unresolved external symbol "public: virtual int __stdcall CInterfaceScreenBase::FinishInterface(int,char const *)" (?FinishInterface@CInterfaceScreenBase@@UAGHHPBD@Z)
CustomList.obj : error LNK2001: unresolved external symbol "public: virtual int __stdcall CInterfaceScreenBase::FinishInterface(int,char const *)" (?FinishInterface@CInterfaceScreenBase@@UAGHHPBD@Z)
CustomMission.obj : error LNK2001: unresolved external symbol "public: virtual int __stdcall CInterfaceScreenBase::FinishInterface(int,char const *)" (?FinishInterface@CInterfaceScreenBase@@UAGHHPBD@Z)
CutsceneList.obj : error LNK2001: unresolved external symbol "public: virtual int __stdcall CInterfaceScreenBase::FinishInterface(int,char const *)" (?FinishInterface@CInterfaceScreenBase@@UAGHHPBD@Z)
IMLoadMission.obj : error LNK2001: unresolved external symbol "public: virtual int __stdcall CInterfaceScreenBase::FinishInterface(int,char const *)" (?FinishInterface@CInterfaceScreenBase@@UAGHHPBD@Z)
PlayMovieInterface.obj : error LNK2001: unresolved external symbol "public: virtual int __stdcall CInterfaceScreenBase::FinishInterface(int,char const *)" (?FinishInterface@CInterfaceScreenBase@@UAGHHPBD@Z)
BaseList.obj : error LNK2001: unresolved external symbol "public: virtual int __stdcall CInterfaceScreenBase::FinishInterface(int,char const *)" (?FinishInterface@CInterfaceScreenBase@@UAGHHPBD@Z)
CustomCampaign.obj : error LNK2001: unresolved external symbol "public: virtual int __stdcall CInterfaceScreenBase::FinishInterface(int,char const *)" (?FinishInterface@CInterfaceScreenBase@@UAGHHPBD@Z)
CustomChapter.obj : error LNK2001: unresolved external symbol "public: virtual int __stdcall CInterfaceScreenBase::FinishInterface(int,char const *)" (?FinishInterface@CInterfaceScreenBase@@UAGHHPBD@Z)
UnitsPool.obj : error LNK2001: unresolved external symbol "public: virtual int __stdcall CInterfaceScreenBase::FinishInterface(int,char const *)" (?FinishInterface@CInterfaceScreenBase@@UAGHHPBD@Z)
UpgradeUnit.obj : error LNK2001: unresolved external symbol "public: virtual int __stdcall CInterfaceScreenBase::FinishInterface(int,char const *)" (?FinishInterface@CInterfaceScreenBase@@UAGHHPBD@Z)
iMissionInternal.obj : error LNK2001: unresolved external symbol "public: virtual int __stdcall CInterfaceScreenBase::FinishInterface(int,char const *)" (?FinishInterface@CInterfaceScreenBase@@UAGHHPBD@Z)
QuitMission.obj : error LNK2001: unresolved external symbol "public: virtual int __stdcall CInterfaceScreenBase::FinishInterface(int,char const *)" (?FinishInterface@CInterfaceScreenBase@@UAGHHPBD@Z)
Mission.obj : error LNK2001: unresolved external symbol "public: virtual int __stdcall CInterfaceScreenBase::FinishInterface(int,char const *)" (?FinishInterface@CInterfaceScreenBase@@UAGHHPBD@Z)
SingleMedal.obj : error LNK2001: unresolved external symbol "public: virtual int __stdcall CInterfaceScreenBase::FinishInterface(int,char const *)" (?FinishInterface@CInterfaceScreenBase@@UAGHHPBD@Z)
Stats.obj : error LNK2001: unresolved external symbol "public: virtual int __stdcall CInterfaceScreenBase::FinishInterface(int,char const *)" (?FinishInterface@CInterfaceScreenBase@@UAGHHPBD@Z)
TotalEncyclopedia.obj : error LNK2001: unresolved external symbol "public: virtual int __stdcall CInterfaceScreenBase::FinishInterface(int,char const *)" (?FinishInterface@CInterfaceScreenBase@@UAGHHPBD@Z)
Campaign.obj : error LNK2001: unresolved external symbol "public: virtual int __stdcall CInterfaceScreenBase::FinishInterface(int,char const *)" (?FinishInterface@CInterfaceScreenBase@@UAGHHPBD@Z)
Chapter.obj : error LNK2001: unresolved external symbol "public: virtual int __stdcall CInterfaceScreenBase::FinishInterface(int,char const *)" (?FinishInterface@CInterfaceScreenBase@@UAGHHPBD@Z)
encyclopedia.obj : error LNK2001: unresolved external symbol "public: virtual int __stdcall CInterfaceScreenBase::FinishInterface(int,char const *)" (?FinishInterface@CInterfaceScreenBase@@UAGHHPBD@Z)
MainMenu.obj : error LNK2001: unresolved external symbol "public: virtual int __stdcall CInterfaceScreenBase::FinishInterface(int,char const *)" (?FinishInterface@CInterfaceScreenBase@@UAGHHPBD@Z)
MultiplayerGamesList.obj : error LNK2001: unresolved external symbol "public: virtual int __stdcall CInterfaceScreenBase::FinishInterface(int,char const *)" (?FinishInterface@CInterfaceScreenBase@@UAGHHPBD@Z)
InterfaceSwitchModeTo.obj : error LNK2001: unresolved external symbol "public: virtual int __stdcall CInterfaceScreenBase::FinishInterface(int,char const *)" (?FinishInterface@CInterfaceScreenBase@@UAGHHPBD@Z)
InterfaceNewDepotUpgrades.obj : error LNK2001: unresolved external symbol "public: virtual int __stdcall CInterfaceScreenBase::FinishInterface(int,char const *)" (?FinishInterface@CInterfaceScreenBase@@UAGHHPBD@Z)
AddUnitToMission.obj : error LNK2001: unresolved external symbol "public: virtual int __stdcall CInterfaceScreenBase::FinishInterface(int,char const *)" (?FinishInterface@CInterfaceScreenBase@@UAGHHPBD@Z)
SwitchToNextChapter.obj : error LNK2001: unresolved external symbol "public: virtual void __stdcall CInterfaceScreenBase::SetWindowTextA(int,struct IText *)" (?SetWindowTextA@CInterfaceScreenBase@@UAGXHPAUIText@@@Z)
InterfaceMessageBox.obj : error LNK2001: unresolved external symbol "public: virtual void __stdcall CInterfaceScreenBase::SetWindowTextA(int,struct IText *)" (?SetWindowTextA@CInterfaceScreenBase@@UAGXHPAUIText@@@Z)
MissionObjectFactory.obj : error LNK2001: unresolved external symbol "public: virtual void __stdcall CInterfaceScreenBase::SetWindowTextA(int,struct IText *)" (?SetWindowTextA@CInterfaceScreenBase@@UAGXHPAUIText@@@Z)
PlayerGainLevel.obj : error LNK2001: unresolved external symbol "public: virtual void __stdcall CInterfaceScreenBase::SetWindowTextA(int,struct IText *)" (?SetWindowTextA@CInterfaceScreenBase@@UAGXHPAUIText@@@Z)
ReplayList.obj : error LNK2001: unresolved external symbol "public: virtual void __stdcall CInterfaceScreenBase::SetWindowTextA(int,struct IText *)" (?SetWindowTextA@CInterfaceScreenBase@@UAGXHPAUIText@@@Z)
SaveMission.obj : error LNK2001: unresolved external symbol "public: virtual void __stdcall CInterfaceScreenBase::SetWindowTextA(int,struct IText *)" (?SetWindowTextA@CInterfaceScreenBase@@UAGXHPAUIText@@@Z)
SaveReplay.obj : error LNK2001: unresolved external symbol "public: virtual void __stdcall CInterfaceScreenBase::SetWindowTextA(int,struct IText *)" (?SetWindowTextA@CInterfaceScreenBase@@UAGXHPAUIText@@@Z)
IMSaveMission.obj : error LNK2001: unresolved external symbol "public: virtual void __stdcall CInterfaceScreenBase::SetWindowTextA(int,struct IText *)" (?SetWindowTextA@CInterfaceScreenBase@@UAGXHPAUIText@@@Z)
IMTutorial.obj : error LNK2001: unresolved external symbol "public: virtual void __stdcall CInterfaceScreenBase::SetWindowTextA(int,struct IText *)" (?SetWindowTextA@CInterfaceScreenBase@@UAGXHPAUIText@@@Z)
InterfaceIMModsList.obj : error LNK2001: unresolved external symbol "public: virtual void __stdcall CInterfaceScreenBase::SetWindowTextA(int,struct IText *)" (?SetWindowTextA@CInterfaceScreenBase@@UAGXHPAUIText@@@Z)
LoadMission.obj : error LNK2001: unresolved external symbol "public: virtual void __stdcall CInterfaceScreenBase::SetWindowTextA(int,struct IText *)" (?SetWindowTextA@CInterfaceScreenBase@@UAGXHPAUIText@@@Z)
CustomList.obj : error LNK2001: unresolved external symbol "public: virtual void __stdcall CInterfaceScreenBase::SetWindowTextA(int,struct IText *)" (?SetWindowTextA@CInterfaceScreenBase@@UAGXHPAUIText@@@Z)
CustomMission.obj : error LNK2001: unresolved external symbol "public: virtual void __stdcall CInterfaceScreenBase::SetWindowTextA(int,struct IText *)" (?SetWindowTextA@CInterfaceScreenBase@@UAGXHPAUIText@@@Z)
CutsceneList.obj : error LNK2001: unresolved external symbol "public: virtual void __stdcall CInterfaceScreenBase::SetWindowTextA(int,struct IText *)" (?SetWindowTextA@CInterfaceScreenBase@@UAGXHPAUIText@@@Z)
IMLoadMission.obj : error LNK2001: unresolved external symbol "public: virtual void __stdcall CInterfaceScreenBase::SetWindowTextA(int,struct IText *)" (?SetWindowTextA@CInterfaceScreenBase@@UAGXHPAUIText@@@Z)
PlayMovieInterface.obj : error LNK2001: unresolved external symbol "public: virtual void __stdcall CInterfaceScreenBase::SetWindowTextA(int,struct IText *)" (?SetWindowTextA@CInterfaceScreenBase@@UAGXHPAUIText@@@Z)
BaseList.obj : error LNK2001: unresolved external symbol "public: virtual void __stdcall CInterfaceScreenBase::SetWindowTextA(int,struct IText *)" (?SetWindowTextA@CInterfaceScreenBase@@UAGXHPAUIText@@@Z)
CustomCampaign.obj : error LNK2001: unresolved external symbol "public: virtual void __stdcall CInterfaceScreenBase::SetWindowTextA(int,struct IText *)" (?SetWindowTextA@CInterfaceScreenBase@@UAGXHPAUIText@@@Z)
CustomChapter.obj : error LNK2001: unresolved external symbol "public: virtual void __stdcall CInterfaceScreenBase::SetWindowTextA(int,struct IText *)" (?SetWindowTextA@CInterfaceScreenBase@@UAGXHPAUIText@@@Z)
UnitsPool.obj : error LNK2001: unresolved external symbol "public: virtual void __stdcall CInterfaceScreenBase::SetWindowTextA(int,struct IText *)" (?SetWindowTextA@CInterfaceScreenBase@@UAGXHPAUIText@@@Z)
UpgradeUnit.obj : error LNK2001: unresolved external symbol "public: virtual void __stdcall CInterfaceScreenBase::SetWindowTextA(int,struct IText *)" (?SetWindowTextA@CInterfaceScreenBase@@UAGXHPAUIText@@@Z)
iMissionInternal.obj : error LNK2001: unresolved external symbol "public: virtual void __stdcall CInterfaceScreenBase::SetWindowTextA(int,struct IText *)" (?SetWindowTextA@CInterfaceScreenBase@@UAGXHPAUIText@@@Z)
QuitMission.obj : error LNK2001: unresolved external symbol "public: virtual void __stdcall CInterfaceScreenBase::SetWindowTextA(int,struct IText *)" (?SetWindowTextA@CInterfaceScreenBase@@UAGXHPAUIText@@@Z)
Mission.obj : error LNK2001: unresolved external symbol "public: virtual void __stdcall CInterfaceScreenBase::SetWindowTextA(int,struct IText *)" (?SetWindowTextA@CInterfaceScreenBase@@UAGXHPAUIText@@@Z)
SingleMedal.obj : error LNK2001: unresolved external symbol "public: virtual void __stdcall CInterfaceScreenBase::SetWindowTextA(int,struct IText *)" (?SetWindowTextA@CInterfaceScreenBase@@UAGXHPAUIText@@@Z)
Stats.obj : error LNK2001: unresolved external symbol "public: virtual void __stdcall CInterfaceScreenBase::SetWindowTextA(int,struct IText *)" (?SetWindowTextA@CInterfaceScreenBase@@UAGXHPAUIText@@@Z)
TotalEncyclopedia.obj : error LNK2001: unresolved external symbol "public: virtual void __stdcall CInterfaceScreenBase::SetWindowTextA(int,struct IText *)" (?SetWindowTextA@CInterfaceScreenBase@@UAGXHPAUIText@@@Z)
Campaign.obj : error LNK2001: unresolved external symbol "public: virtual void __stdcall CInterfaceScreenBase::SetWindowTextA(int,struct IText *)" (?SetWindowTextA@CInterfaceScreenBase@@UAGXHPAUIText@@@Z)
Chapter.obj : error LNK2001: unresolved external symbol "public: virtual void __stdcall CInterfaceScreenBase::SetWindowTextA(int,struct IText *)" (?SetWindowTextA@CInterfaceScreenBase@@UAGXHPAUIText@@@Z)
encyclopedia.obj : error LNK2001: unresolved external symbol "public: virtual void __stdcall CInterfaceScreenBase::SetWindowTextA(int,struct IText *)" (?SetWindowTextA@CInterfaceScreenBase@@UAGXHPAUIText@@@Z)
MainMenu.obj : error LNK2001: unresolved external symbol "public: virtual void __stdcall CInterfaceScreenBase::SetWindowTextA(int,struct IText *)" (?SetWindowTextA@CInterfaceScreenBase@@UAGXHPAUIText@@@Z)
MultiplayerGamesList.obj : error LNK2001: unresolved external symbol "public: virtual void __stdcall CInterfaceScreenBase::SetWindowTextA(int,struct IText *)" (?SetWindowTextA@CInterfaceScreenBase@@UAGXHPAUIText@@@Z)
InterfaceSwitchModeTo.obj : error LNK2001: unresolved external symbol "public: virtual void __stdcall CInterfaceScreenBase::SetWindowTextA(int,struct IText *)" (?SetWindowTextA@CInterfaceScreenBase@@UAGXHPAUIText@@@Z)
InterfaceNewDepotUpgrades.obj : error LNK2001: unresolved external symbol "public: virtual void __stdcall CInterfaceScreenBase::SetWindowTextA(int,struct IText *)" (?SetWindowTextA@CInterfaceScreenBase@@UAGXHPAUIText@@@Z)
AddUnitToMission.obj : error LNK2001: unresolved external symbol "public: virtual void __stdcall CInterfaceScreenBase::SetWindowTextA(int,struct IText *)" (?SetWindowTextA@CInterfaceScreenBase@@UAGXHPAUIText@@@Z)
SwitchToNextChapter.obj : error LNK2001: unresolved external symbol "public: virtual void __stdcall CInterfaceScreenBase::SetWindowTextA(int,unsigned short const *)" (?SetWindowTextA@CInterfaceScreenBase@@UAGXHPBG@Z)
InterfaceMessageBox.obj : error LNK2001: unresolved external symbol "public: virtual void __stdcall CInterfaceScreenBase::SetWindowTextA(int,unsigned short const *)" (?SetWindowTextA@CInterfaceScreenBase@@UAGXHPBG@Z)
MissionObjectFactory.obj : error LNK2001: unresolved external symbol "public: virtual void __stdcall CInterfaceScreenBase::SetWindowTextA(int,unsigned short const *)" (?SetWindowTextA@CInterfaceScreenBase@@UAGXHPBG@Z)
PlayerGainLevel.obj : error LNK2001: unresolved external symbol "public: virtual void __stdcall CInterfaceScreenBase::SetWindowTextA(int,unsigned short const *)" (?SetWindowTextA@CInterfaceScreenBase@@UAGXHPBG@Z)
ReplayList.obj : error LNK2001: unresolved external symbol "public: virtual void __stdcall CInterfaceScreenBase::SetWindowTextA(int,unsigned short const *)" (?SetWindowTextA@CInterfaceScreenBase@@UAGXHPBG@Z)
SaveMission.obj : error LNK2001: unresolved external symbol "public: virtual void __stdcall CInterfaceScreenBase::SetWindowTextA(int,unsigned short const *)" (?SetWindowTextA@CInterfaceScreenBase@@UAGXHPBG@Z)
SaveReplay.obj : error LNK2001: unresolved external symbol "public: virtual void __stdcall CInterfaceScreenBase::SetWindowTextA(int,unsigned short const *)" (?SetWindowTextA@CInterfaceScreenBase@@UAGXHPBG@Z)
IMSaveMission.obj : error LNK2001: unresolved external symbol "public: virtual void __stdcall CInterfaceScreenBase::SetWindowTextA(int,unsigned short const *)" (?SetWindowTextA@CInterfaceScreenBase@@UAGXHPBG@Z)
IMTutorial.obj : error LNK2001: unresolved external symbol "public: virtual void __stdcall CInterfaceScreenBase::SetWindowTextA(int,unsigned short const *)" (?SetWindowTextA@CInterfaceScreenBase@@UAGXHPBG@Z)
InterfaceIMModsList.obj : error LNK2001: unresolved external symbol "public: virtual void __stdcall CInterfaceScreenBase::SetWindowTextA(int,unsigned short const *)" (?SetWindowTextA@CInterfaceScreenBase@@UAGXHPBG@Z)
LoadMission.obj : error LNK2001: unresolved external symbol "public: virtual void __stdcall CInterfaceScreenBase::SetWindowTextA(int,unsigned short const *)" (?SetWindowTextA@CInterfaceScreenBase@@UAGXHPBG@Z)
CustomList.obj : error LNK2001: unresolved external symbol "public: virtual void __stdcall CInterfaceScreenBase::SetWindowTextA(int,unsigned short const *)" (?SetWindowTextA@CInterfaceScreenBase@@UAGXHPBG@Z)
CustomMission.obj : error LNK2001: unresolved external symbol "public: virtual void __stdcall CInterfaceScreenBase::SetWindowTextA(int,unsigned short const *)" (?SetWindowTextA@CInterfaceScreenBase@@UAGXHPBG@Z)
CutsceneList.obj : error LNK2001: unresolved external symbol "public: virtual void __stdcall CInterfaceScreenBase::SetWindowTextA(int,unsigned short const *)" (?SetWindowTextA@CInterfaceScreenBase@@UAGXHPBG@Z)
IMLoadMission.obj : error LNK2001: unresolved external symbol "public: virtual void __stdcall CInterfaceScreenBase::SetWindowTextA(int,unsigned short const *)" (?SetWindowTextA@CInterfaceScreenBase@@UAGXHPBG@Z)
PlayMovieInterface.obj : error LNK2001: unresolved external symbol "public: virtual void __stdcall CInterfaceScreenBase::SetWindowTextA(int,unsigned short const *)" (?SetWindowTextA@CInterfaceScreenBase@@UAGXHPBG@Z)
BaseList.obj : error LNK2001: unresolved external symbol "public: virtual void __stdcall CInterfaceScreenBase::SetWindowTextA(int,unsigned short const *)" (?SetWindowTextA@CInterfaceScreenBase@@UAGXHPBG@Z)
CustomCampaign.obj : error LNK2001: unresolved external symbol "public: virtual void __stdcall CInterfaceScreenBase::SetWindowTextA(int,unsigned short const *)" (?SetWindowTextA@CInterfaceScreenBase@@UAGXHPBG@Z)
CustomChapter.obj : error LNK2001: unresolved external symbol "public: virtual void __stdcall CInterfaceScreenBase::SetWindowTextA(int,unsigned short const *)" (?SetWindowTextA@CInterfaceScreenBase@@UAGXHPBG@Z)
UnitsPool.obj : error LNK2001: unresolved external symbol "public: virtual void __stdcall CInterfaceScreenBase::SetWindowTextA(int,unsigned short const *)" (?SetWindowTextA@CInterfaceScreenBase@@UAGXHPBG@Z)
UpgradeUnit.obj : error LNK2001: unresolved external symbol "public: virtual void __stdcall CInterfaceScreenBase::SetWindowTextA(int,unsigned short const *)" (?SetWindowTextA@CInterfaceScreenBase@@UAGXHPBG@Z)
iMissionInternal.obj : error LNK2001: unresolved external symbol "public: virtual void __stdcall CInterfaceScreenBase::SetWindowTextA(int,unsigned short const *)" (?SetWindowTextA@CInterfaceScreenBase@@UAGXHPBG@Z)
QuitMission.obj : error LNK2001: unresolved external symbol "public: virtual void __stdcall CInterfaceScreenBase::SetWindowTextA(int,unsigned short const *)" (?SetWindowTextA@CInterfaceScreenBase@@UAGXHPBG@Z)
Mission.obj : error LNK2001: unresolved external symbol "public: virtual void __stdcall CInterfaceScreenBase::SetWindowTextA(int,unsigned short const *)" (?SetWindowTextA@CInterfaceScreenBase@@UAGXHPBG@Z)
SingleMedal.obj : error LNK2001: unresolved external symbol "public: virtual void __stdcall CInterfaceScreenBase::SetWindowTextA(int,unsigned short const *)" (?SetWindowTextA@CInterfaceScreenBase@@UAGXHPBG@Z)
Stats.obj : error LNK2001: unresolved external symbol "public: virtual void __stdcall CInterfaceScreenBase::SetWindowTextA(int,unsigned short const *)" (?SetWindowTextA@CInterfaceScreenBase@@UAGXHPBG@Z)
TotalEncyclopedia.obj : error LNK2001: unresolved external symbol "public: virtual void __stdcall CInterfaceScreenBase::SetWindowTextA(int,unsigned short const *)" (?SetWindowTextA@CInterfaceScreenBase@@UAGXHPBG@Z)
Campaign.obj : error LNK2001: unresolved external symbol "public: virtual void __stdcall CInterfaceScreenBase::SetWindowTextA(int,unsigned short const *)" (?SetWindowTextA@CInterfaceScreenBase@@UAGXHPBG@Z)
Chapter.obj : error LNK2001: unresolved external symbol "public: virtual void __stdcall CInterfaceScreenBase::SetWindowTextA(int,unsigned short const *)" (?SetWindowTextA@CInterfaceScreenBase@@UAGXHPBG@Z)
encyclopedia.obj : error LNK2001: unresolved external symbol "public: virtual void __stdcall CInterfaceScreenBase::SetWindowTextA(int,unsigned short const *)" (?SetWindowTextA@CInterfaceScreenBase@@UAGXHPBG@Z)
MainMenu.obj : error LNK2001: unresolved external symbol "public: virtual void __stdcall CInterfaceScreenBase::SetWindowTextA(int,unsigned short const *)" (?SetWindowTextA@CInterfaceScreenBase@@UAGXHPBG@Z)
MultiplayerGamesList.obj : error LNK2001: unresolved external symbol "public: virtual void __stdcall CInterfaceScreenBase::SetWindowTextA(int,unsigned short const *)" (?SetWindowTextA@CInterfaceScreenBase@@UAGXHPBG@Z)
InterfaceSwitchModeTo.obj : error LNK2001: unresolved external symbol "public: virtual void __stdcall CInterfaceScreenBase::SetWindowTextA(int,unsigned short const *)" (?SetWindowTextA@CInterfaceScreenBase@@UAGXHPBG@Z)
InterfaceNewDepotUpgrades.obj : error LNK2001: unresolved external symbol "public: virtual void __stdcall CInterfaceScreenBase::SetWindowTextA(int,unsigned short const *)" (?SetWindowTextA@CInterfaceScreenBase@@UAGXHPBG@Z)
AddUnitToMission.obj : error LNK2001: unresolved external symbol "public: virtual void __stdcall CInterfaceScreenBase::SetWindowTextA(int,unsigned short const *)" (?SetWindowTextA@CInterfaceScreenBase@@UAGXHPBG@Z)
MultiplayerGamesList.obj : error LNK2019: unresolved external symbol "public: void __thiscall CFreeIds::Init(int)" (?Init@CFreeIds@@QAEXH@Z) referenced in function "public: __thiscall CFreeIds::CFreeIds(int)" (??0CFreeIds@@QAE@H@Z)
iMissionInternal.obj : error LNK2001: unresolved external symbol "public: void __thiscall CFreeIds::Init(int)" (?Init@CFreeIds@@QAEXH@Z)
MissionObjectFactory.obj : error LNK2001: unresolved external symbol "public: void __thiscall CFreeIds::Init(int)" (?Init@CFreeIds@@QAEXH@Z)
iMissionInternal.obj : error LNK2001: unresolved external symbol "public: int __thiscall CFreeIds::GetFreeId(void)" (?GetFreeId@CFreeIds@@QAEHXZ)
MultiplayerGamesList.obj : error LNK2001: unresolved external symbol "public: int __thiscall CFreeIds::GetFreeId(void)" (?GetFreeId@CFreeIds@@QAEHXZ)
MultiplayerStartingGame.obj : error LNK2001: unresolved external symbol "public: int __thiscall CFreeIds::GetFreeId(void)" (?GetFreeId@CFreeIds@@QAEHXZ)
InterfaceMPChat.obj : error LNK2001: unresolved external symbol "public: int __thiscall CFreeIds::GetFreeId(void)" (?GetFreeId@CFreeIds@@QAEHXZ)
InterfaceMPCreateGame.obj : error LNK2001: unresolved external symbol "public: int __thiscall CFreeIds::GetFreeId(void)" (?GetFreeId@CFreeIds@@QAEHXZ)
MultiplayerGamesList.obj : error LNK2019: unresolved external symbol "public: void __thiscall CFreeIds::AddToFreeId(int)" (?AddToFreeId@CFreeIds@@QAEXH@Z) referenced in function "public: void __thiscall CListControlWrapper<struct SUIServerInfo,int>::Delete(int const &)" (?Delete@?$CListControlWrapper@USUIServerInfo@@H@@QAEXABH@Z)
MultiplayerStartingGame.obj : error LNK2001: unresolved external symbol "public: void __thiscall CFreeIds::AddToFreeId(int)" (?AddToFreeId@CFreeIds@@QAEXH@Z)
InterfaceMPChat.obj : error LNK2001: unresolved external symbol "public: void __thiscall CFreeIds::AddToFreeId(int)" (?AddToFreeId@CFreeIds@@QAEXH@Z)
iMissionInternal.obj : error LNK2001: unresolved external symbol "public: void __thiscall CFreeIds::AddToFreeId(int)" (?AddToFreeId@CFreeIds@@QAEXH@Z)
MultiplayerStartingGame.obj : error LNK2001: unresolved external symbol "public: virtual int __stdcall SQuickLoadMapInfo::operator&(struct IStructureSaver &)" (??ISQuickLoadMapInfo@@UAGHAAUIStructureSaver@@@Z)
InterfaceMPCreateGame.obj : error LNK2001: unresolved external symbol "public: virtual int __stdcall SQuickLoadMapInfo::operator&(struct IStructureSaver &)" (??ISQuickLoadMapInfo@@UAGHAAUIStructureSaver@@@Z)
CustomMission.obj : error LNK2001: unresolved external symbol "public: virtual int __stdcall SQuickLoadMapInfo::operator&(struct IStructureSaver &)" (??ISQuickLoadMapInfo@@UAGHAAUIStructureSaver@@@Z)
MultiplayerStartingGame.obj : error LNK2001: unresolved external symbol "public: virtual int __stdcall SQuickLoadMapInfo::operator&(struct IDataTree &)" (??ISQuickLoadMapInfo@@UAGHAAUIDataTree@@@Z)
InterfaceMPCreateGame.obj : error LNK2001: unresolved external symbol "public: virtual int __stdcall SQuickLoadMapInfo::operator&(struct IDataTree &)" (??ISQuickLoadMapInfo@@UAGHAAUIDataTree@@@Z)
CustomMission.obj : error LNK2001: unresolved external symbol "public: virtual int __stdcall SQuickLoadMapInfo::operator&(struct IDataTree &)" (??ISQuickLoadMapInfo@@UAGHAAUIDataTree@@@Z)
SaveReplay.obj : error LNK2001: unresolved external symbol "protected: void __thiscall CInterfaceScreenBase::CloseInterface(bool)" (?CloseInterface@CInterfaceScreenBase@@IAEX_N@Z)
SwitchToNextChapter.obj : error LNK2001: unresolved external symbol "protected: void __thiscall CInterfaceScreenBase::CloseInterface(bool)" (?CloseInterface@CInterfaceScreenBase@@IAEX_N@Z)
InterfaceMessageBox.obj : error LNK2001: unresolved external symbol "protected: void __thiscall CInterfaceScreenBase::CloseInterface(bool)" (?CloseInterface@CInterfaceScreenBase@@IAEX_N@Z)
LoadMission.obj : error LNK2001: unresolved external symbol "protected: void __thiscall CInterfaceScreenBase::CloseInterface(bool)" (?CloseInterface@CInterfaceScreenBase@@IAEX_N@Z)
PlayerGainLevel.obj : error LNK2001: unresolved external symbol "protected: void __thiscall CInterfaceScreenBase::CloseInterface(bool)" (?CloseInterface@CInterfaceScreenBase@@IAEX_N@Z)
ReplayList.obj : error LNK2001: unresolved external symbol "protected: void __thiscall CInterfaceScreenBase::CloseInterface(bool)" (?CloseInterface@CInterfaceScreenBase@@IAEX_N@Z)
SaveMission.obj : error LNK2001: unresolved external symbol "protected: void __thiscall CInterfaceScreenBase::CloseInterface(bool)" (?CloseInterface@CInterfaceScreenBase@@IAEX_N@Z)
IMLoadMission.obj : error LNK2001: unresolved external symbol "protected: void __thiscall CInterfaceScreenBase::CloseInterface(bool)" (?CloseInterface@CInterfaceScreenBase@@IAEX_N@Z)
IMSaveMission.obj : error LNK2001: unresolved external symbol "protected: void __thiscall CInterfaceScreenBase::CloseInterface(bool)" (?CloseInterface@CInterfaceScreenBase@@IAEX_N@Z)
IMTutorial.obj : error LNK2001: unresolved external symbol "protected: void __thiscall CInterfaceScreenBase::CloseInterface(bool)" (?CloseInterface@CInterfaceScreenBase@@IAEX_N@Z)
InterfaceIMModsList.obj : error LNK2001: unresolved external symbol "protected: void __thiscall CInterfaceScreenBase::CloseInterface(bool)" (?CloseInterface@CInterfaceScreenBase@@IAEX_N@Z)
QuitMission.obj : error LNK2001: unresolved external symbol "protected: void __thiscall CInterfaceScreenBase::CloseInterface(bool)" (?CloseInterface@CInterfaceScreenBase@@IAEX_N@Z)
InterfaceStartDialog.obj : error LNK2001: unresolved external symbol "protected: void __thiscall CInterfaceScreenBase::CloseInterface(bool)" (?CloseInterface@CInterfaceScreenBase@@IAEX_N@Z)
CustomList.obj : error LNK2001: unresolved external symbol "protected: void __thiscall CInterfaceScreenBase::CloseInterface(bool)" (?CloseInterface@CInterfaceScreenBase@@IAEX_N@Z)
CutsceneList.obj : error LNK2001: unresolved external symbol "protected: void __thiscall CInterfaceScreenBase::CloseInterface(bool)" (?CloseInterface@CInterfaceScreenBase@@IAEX_N@Z)
Stats.obj : error LNK2001: unresolved external symbol "protected: void __thiscall CInterfaceScreenBase::CloseInterface(bool)" (?CloseInterface@CInterfaceScreenBase@@IAEX_N@Z)
TotalEncyclopedia.obj : error LNK2001: unresolved external symbol "protected: void __thiscall CInterfaceScreenBase::CloseInterface(bool)" (?CloseInterface@CInterfaceScreenBase@@IAEX_N@Z)
UnitsPool.obj : error LNK2001: unresolved external symbol "protected: void __thiscall CInterfaceScreenBase::CloseInterface(bool)" (?CloseInterface@CInterfaceScreenBase@@IAEX_N@Z)
UpgradeUnit.obj : error LNK2001: unresolved external symbol "protected: void __thiscall CInterfaceScreenBase::CloseInterface(bool)" (?CloseInterface@CInterfaceScreenBase@@IAEX_N@Z)
InterfaceSwitchModeTo.obj : error LNK2001: unresolved external symbol "protected: void __thiscall CInterfaceScreenBase::CloseInterface(bool)" (?CloseInterface@CInterfaceScreenBase@@IAEX_N@Z)
InterfaceNewDepotUpgrades.obj : error LNK2001: unresolved external symbol "protected: void __thiscall CInterfaceScreenBase::CloseInterface(bool)" (?CloseInterface@CInterfaceScreenBase@@IAEX_N@Z)
encyclopedia.obj : error LNK2001: unresolved external symbol "protected: void __thiscall CInterfaceScreenBase::CloseInterface(bool)" (?CloseInterface@CInterfaceScreenBase@@IAEX_N@Z)
SingleMedal.obj : error LNK2001: unresolved external symbol "protected: void __thiscall CInterfaceScreenBase::CloseInterface(bool)" (?CloseInterface@CInterfaceScreenBase@@IAEX_N@Z)
InterfaceMPMapSettings.obj : error LNK2001: unresolved external symbol "protected: void __thiscall CInterfaceScreenBase::CloseInterface(bool)" (?CloseInterface@CInterfaceScreenBase@@IAEX_N@Z)
PlayersInterface.obj : error LNK2001: unresolved external symbol "protected: void __thiscall CInterfaceScreenBase::CloseInterface(bool)" (?CloseInterface@CInterfaceScreenBase@@IAEX_N@Z)
InterfaceOptionsSettings.obj : error LNK2001: unresolved external symbol "protected: void __thiscall CInterfaceScreenBase::CloseInterface(bool)" (?CloseInterface@CInterfaceScreenBase@@IAEX_N@Z)
InterfaceUnitPerformance.obj : error LNK2001: unresolved external symbol "protected: void __thiscall CInterfaceScreenBase::CloseInterface(bool)" (?CloseInterface@CInterfaceScreenBase@@IAEX_N@Z)
PlayersInterface.obj : error LNK2019: unresolved external symbol "void __cdecl NStr::ToUpper(class std::basic_string<char,struct std::char_traits<char>,class std::allocator<char> > &)" (?ToUpper@NStr@@YAXAAV?$basic_string@DU?$char_traits@D@std@@V?$allocator@D@2@@std@@@Z) referenced in function "public: void __thiscall CPlayersInterface::Create(bool)" (?Create@CPlayersInterface@@QAEX_N@Z)
iMissionInternal.obj : error LNK2001: unresolved external symbol "void __cdecl NStr::ToUpper(class std::basic_string<char,struct std::char_traits<char>,class std::allocator<char> > &)" (?ToUpper@NStr@@YAXAAV?$basic_string@DU?$char_traits@D@std@@V?$allocator@D@2@@std@@@Z)
UIConsts.obj : error LNK2001: unresolved external symbol "void __cdecl NStr::ToUpper(class std::basic_string<char,struct std::char_traits<char>,class std::allocator<char> > &)" (?ToUpper@NStr@@YAXAAV?$basic_string@DU?$char_traits@D@std@@V?$allocator@D@2@@std@@@Z)
UpgradeUnit.obj : error LNK2001: unresolved external symbol "protected: void __thiscall CInterfaceScreenBase::StoreScreen(void)" (?StoreScreen@CInterfaceScreenBase@@IAEXXZ)
encyclopedia.obj : error LNK2001: unresolved external symbol "protected: void __thiscall CInterfaceScreenBase::StoreScreen(void)" (?StoreScreen@CInterfaceScreenBase@@IAEXXZ)
Stats.obj : error LNK2001: unresolved external symbol "protected: void __thiscall CInterfaceScreenBase::StoreScreen(void)" (?StoreScreen@CInterfaceScreenBase@@IAEXXZ)
TotalEncyclopedia.obj : error LNK2001: unresolved external symbol "protected: void __thiscall CInterfaceScreenBase::StoreScreen(void)" (?StoreScreen@CInterfaceScreenBase@@IAEXXZ)
UnitsPool.obj : error LNK2001: unresolved external symbol "protected: void __thiscall CInterfaceScreenBase::StoreScreen(void)" (?StoreScreen@CInterfaceScreenBase@@IAEXXZ)
PlayersInterface.obj : error LNK2001: unresolved external symbol "protected: void __thiscall CInterfaceScreenBase::StoreScreen(void)" (?StoreScreen@CInterfaceScreenBase@@IAEXXZ)
InterfaceOptionsSettings.obj : error LNK2001: unresolved external symbol "protected: void __thiscall CInterfaceScreenBase::StoreScreen(void)" (?StoreScreen@CInterfaceScreenBase@@IAEXXZ)
InterfaceUnitPerformance.obj : error LNK2001: unresolved external symbol "protected: void __thiscall CInterfaceScreenBase::StoreScreen(void)" (?StoreScreen@CInterfaceScreenBase@@IAEXXZ)
AddUnitToMission.obj : error LNK2001: unresolved external symbol "protected: void __thiscall CInterfaceScreenBase::StoreScreen(void)" (?StoreScreen@CInterfaceScreenBase@@IAEXXZ)
InterfaceOptionsSettings.obj : error LNK2019: unresolved external symbol "protected: void __thiscall CInterfaceScreenBase::OpenCurtainsForced(void)" (?OpenCurtainsForced@CInterfaceScreenBase@@IAEXXZ) referenced in function "private: virtual bool __thiscall CInterfaceOptionsSettings::OpenCurtains(void)" (?OpenCurtains@CInterfaceOptionsSettings@@EAE_NXZ)
iMissionInternal.obj : error LNK2001: unresolved external symbol "void __cdecl NStr::ToLower(class std::basic_string<char,struct std::char_traits<char>,class std::allocator<char> > &)" (?ToLower@NStr@@YAXAAV?$basic_string@DU?$char_traits@D@std@@V?$allocator@D@2@@std@@@Z)
InterfaceAfterMissionPopups.obj : error LNK2001: unresolved external symbol "void __cdecl NStr::ToLower(class std::basic_string<char,struct std::char_traits<char>,class std::allocator<char> > &)" (?ToLower@NStr@@YAXAAV?$basic_string@DU?$char_traits@D@std@@V?$allocator@D@2@@std@@@Z)
Campaign.obj : error LNK2001: unresolved external symbol "void __cdecl NStr::ToLower(class std::basic_string<char,struct std::char_traits<char>,class std::allocator<char> > &)" (?ToLower@NStr@@YAXAAV?$basic_string@DU?$char_traits@D@std@@V?$allocator@D@2@@std@@@Z)
Chapter.obj : error LNK2001: unresolved external symbol "void __cdecl NStr::ToLower(class std::basic_string<char,struct std::char_traits<char>,class std::allocator<char> > &)" (?ToLower@NStr@@YAXAAV?$basic_string@DU?$char_traits@D@std@@V?$allocator@D@2@@std@@@Z)
TotalEncyclopedia.obj : error LNK2001: unresolved external symbol "void __cdecl NStr::ToLower(class std::basic_string<char,struct std::char_traits<char>,class std::allocator<char> > &)" (?ToLower@NStr@@YAXAAV?$basic_string@DU?$char_traits@D@std@@V?$allocator@D@2@@std@@@Z)
InterfaceSwitchModeTo.obj : error LNK2019: unresolved external symbol "public: class NFile::CFileIterator const & __thiscall NFile::CFileIterator::FindFirstFileA(char const *)" (?FindFirstFileA@CFileIterator@NFile@@QAEABV12@PBD@Z) referenced in function "public: __thiscall NFile::CFileIterator::CFileIterator(char const *)" (??0CFileIterator@NFile@@QAE@PBD@Z)
BaseList.obj : error LNK2001: unresolved external symbol "public: class NFile::CFileIterator const & __thiscall NFile::CFileIterator::FindFirstFileA(char const *)" (?FindFirstFileA@CFileIterator@NFile@@QAEABV12@PBD@Z)
LoadMission.obj : error LNK2001: unresolved external symbol "public: class NFile::CFileIterator const & __thiscall NFile::CFileIterator::FindFirstFileA(char const *)" (?FindFirstFileA@CFileIterator@NFile@@QAEABV12@PBD@Z)
SaveMission.obj : error LNK2001: unresolved external symbol "public: class NFile::CFileIterator const & __thiscall NFile::CFileIterator::FindFirstFileA(char const *)" (?FindFirstFileA@CFileIterator@NFile@@QAEABV12@PBD@Z)
InterfaceSwitchModeTo.obj : error LNK2019: unresolved external symbol "public: class NFile::CFileIterator const & __thiscall NFile::CFileIterator::Next(void)" (?Next@CFileIterator@NFile@@QAEABV12@XZ) referenced in function "void __cdecl NFile::EnumerateFiles<struct CInterfaceSwitchModeTo::SEnumDirs>(char const *,char const *,struct CInterfaceSwitchModeTo::SEnumDirs,bool)" (??$EnumerateFiles@USEnumDirs@CInterfaceSwitchModeTo@@@NFile@@YAXPBD0USEnumDirs@CInterfaceSwitchModeTo@@_N@Z)
BaseList.obj : error LNK2001: unresolved external symbol "public: class NFile::CFileIterator const & __thiscall NFile::CFileIterator::Next(void)" (?Next@CFileIterator@NFile@@QAEABV12@XZ)
LoadMission.obj : error LNK2001: unresolved external symbol "public: class NFile::CFileIterator const & __thiscall NFile::CFileIterator::Next(void)" (?Next@CFileIterator@NFile@@QAEABV12@XZ)
SaveMission.obj : error LNK2001: unresolved external symbol "public: class NFile::CFileIterator const & __thiscall NFile::CFileIterator::Next(void)" (?Next@CFileIterator@NFile@@QAEABV12@XZ)
InterfaceSwitchModeTo.obj : error LNK2019: unresolved external symbol "public: bool __thiscall NFile::CFileIterator::Close(void)" (?Close@CFileIterator@NFile@@QAE_NXZ) referenced in function "public: __thiscall NFile::CFileIterator::~CFileIterator(void)" (??1CFileIterator@NFile@@QAE@XZ)
BaseList.obj : error LNK2001: unresolved external symbol "public: bool __thiscall NFile::CFileIterator::Close(void)" (?Close@CFileIterator@NFile@@QAE_NXZ)
LoadMission.obj : error LNK2001: unresolved external symbol "public: bool __thiscall NFile::CFileIterator::Close(void)" (?Close@CFileIterator@NFile@@QAE_NXZ)
SaveMission.obj : error LNK2001: unresolved external symbol "public: bool __thiscall NFile::CFileIterator::Close(void)" (?Close@CFileIterator@NFile@@QAE_NXZ)
Chapter.obj : error LNK2001: unresolved external symbol "public: virtual int __stdcall SRMContext::operator&(struct IStructureSaver &)" (??ISRMContext@@UAGHAAUIStructureSaver@@@Z)
Chapter.obj : error LNK2001: unresolved external symbol "public: virtual int __stdcall SRMContext::operator&(struct IDataTree &)" (??ISRMContext@@UAGHAAUIDataTree@@@Z)
Chapter.obj : error LNK2001: unresolved external symbol "char const * const RMGC_CONTEXT_NAME" (?RMGC_CONTEXT_NAME@@3PBDB)
Mission.obj : error LNK2019: unresolved external symbol "public: void __thiscall SUnitCreationInfo::Validate(void)" (?Validate@SUnitCreationInfo@@QAEXXZ) referenced in function "public: __thiscall SRMTemplate::SRMTemplate(void)" (??0SRMTemplate@@QAE@XZ)
iMissionInternal.obj : error LNK2001: unresolved external symbol "public: void __thiscall SUnitCreationInfo::Validate(void)" (?Validate@SUnitCreationInfo@@QAEXXZ)
MinimapCreation.obj : error LNK2001: unresolved external symbol "public: void __thiscall SUnitCreationInfo::Validate(void)" (?Validate@SUnitCreationInfo@@QAEXXZ)
Mission.obj : error LNK2001: unresolved external symbol "public: virtual int __stdcall SRMTemplate::operator&(struct IStructureSaver &)" (??ISRMTemplate@@UAGHAAUIStructureSaver@@@Z)
Mission.obj : error LNK2001: unresolved external symbol "public: virtual int __stdcall SRMTemplate::operator&(struct IDataTree &)" (??ISRMTemplate@@UAGHAAUIDataTree@@@Z)
Mission.obj : error LNK2019: unresolved external symbol "public: void __thiscall SRMTemplate::FillDefaultDiplomacies(void)" (?FillDefaultDiplomacies@SRMTemplate@@QAEXXZ) referenced in function "public: __thiscall SRMTemplate::SRMTemplate(void)" (??0SRMTemplate@@QAE@XZ)
Mission.obj : error LNK2019: unresolved external symbol "public: static bool __cdecl CMapInfo::CreateRandomMap(struct SMissionStats *,class std::basic_string<char,struct std::char_traits<char>,class std::allocator<char> > const &,int,int,int,bool,bool,struct SRMUsedTemplateInfo *,struct IProgressHook *)" (?CreateRandomMap@CMapInfo@@SA_NPAUSMissionStats@@ABV?$basic_string@DU?$char_traits@D@std@@V?$allocator@D@2@@std@@HHH_N2PAUSRMUsedTemplateInfo@@PAUIProgressHook@@@Z) referenced in function "public: virtual void __stdcall CInterfaceAboutMission::StartInterface(void)" (?StartInterface@CInterfaceAboutMission@@UAGXXZ)
Mission.obj : error LNK2001: unresolved external symbol "char const * const RMGC_TEMPLATE_XML_NAME" (?RMGC_TEMPLATE_XML_NAME@@3PBDB)
Mission.obj : error LNK2001: unresolved external symbol "int const RMGC_CREATE_RANDOM_MAP_STEP_COUNT" (?RMGC_CREATE_RANDOM_MAP_STEP_COUNT@@3HB)
UIState.obj : error LNK2019: unresolved external symbol "bool __cdecl NFile::IsFileExist(char const *)" (?IsFileExist@NFile@@YA_NPBD@Z) referenced in function "public: virtual bool __thiscall CUIMainMenuState::ProcessMessage(struct SGameMessage const &)" (?ProcessMessage@CUIMainMenuState@@UAE_NABUSGameMessage@@@Z)
IMSaveMission.obj : error LNK2001: unresolved external symbol "bool __cdecl NFile::IsFileExist(char const *)" (?IsFileExist@NFile@@YA_NPBD@Z)
SaveMission.obj : error LNK2001: unresolved external symbol "bool __cdecl NFile::IsFileExist(char const *)" (?IsFileExist@NFile@@YA_NPBD@Z)
iMissionInternal.obj : error LNK2001: unresolved external symbol "public: virtual int __thiscall SAIGeneralMapInfo::operator&(struct IDataTree &)" (??ISAIGeneralMapInfo@@UAEHAAUIDataTree@@@Z)
MinimapCreation.obj : error LNK2001: unresolved external symbol "public: virtual int __thiscall SAIGeneralMapInfo::operator&(struct IDataTree &)" (??ISAIGeneralMapInfo@@UAEHAAUIDataTree@@@Z)
iMissionInternal.obj : error LNK2001: unresolved external symbol "public: virtual int __thiscall SAIGeneralMapInfo::operator&(struct IStructureSaver &)" (??ISAIGeneralMapInfo@@UAEHAAUIStructureSaver@@@Z)
MinimapCreation.obj : error LNK2001: unresolved external symbol "public: virtual int __thiscall SAIGeneralMapInfo::operator&(struct IStructureSaver &)" (??ISAIGeneralMapInfo@@UAEHAAUIStructureSaver@@@Z)
iMissionInternal.obj : error LNK2019: unresolved external symbol "public: __thiscall SMapObjectInfo::SMapObjectInfo(void)" (??0SMapObjectInfo@@QAE@XZ) referenced in function "void __cdecl AddBorder(struct SVectorStripeObject const &,int,class std::vector<struct SMapObjectInfo,class std::allocator<struct SMapObjectInfo> > &)" (?AddBorder@@YAXABUSVectorStripeObject@@HAAV?$vector@USMapObjectInfo@@V?$allocator@USMapObjectInfo@@@std@@@std@@@Z)
iMissionInternal.obj : error LNK2019: unresolved external symbol "protected: void __thiscall CInterfaceScreenBase::AddMessage(struct SGameMessage const &)" (?AddMessage@CInterfaceScreenBase@@IAEXABUSGameMessage@@@Z) referenced in function "private: virtual bool __stdcall CInterfaceMission::ProcessMessageLocal(struct SGameMessage const &)" (?ProcessMessageLocal@CInterfaceMission@@EAG_NABUSGameMessage@@@Z)
PlayMovieInterface.obj : error LNK2001: unresolved external symbol "protected: void __thiscall CInterfaceScreenBase::AddMessage(struct SGameMessage const &)" (?AddMessage@CInterfaceScreenBase@@IAEXABUSGameMessage@@@Z)
iMissionInternal.obj : error LNK2001: unresolved external symbol "public: virtual int __stdcall SRMImageCreateParameter::operator&(struct IStructureSaver &)" (??ISRMImageCreateParameter@@UAGHAAUIStructureSaver@@@Z)
MinimapCreation.obj : error LNK2001: unresolved external symbol "public: virtual int __stdcall SRMImageCreateParameter::operator&(struct IStructureSaver &)" (??ISRMImageCreateParameter@@UAGHAAUIStructureSaver@@@Z)
iMissionInternal.obj : error LNK2001: unresolved external symbol "public: virtual int __stdcall SRMImageCreateParameter::operator&(struct IDataTree &)" (??ISRMImageCreateParameter@@UAGHAAUIDataTree@@@Z)
MinimapCreation.obj : error LNK2001: unresolved external symbol "public: virtual int __stdcall SRMImageCreateParameter::operator&(struct IDataTree &)" (??ISRMImageCreateParameter@@UAGHAAUIDataTree@@@Z)
iMissionInternal.obj : error LNK2019: unresolved external symbol "public: void __thiscall CMapInfo::FillDefaultDiplomacies(void)" (?FillDefaultDiplomacies@CMapInfo@@QAEXXZ) referenced in function "public: bool __thiscall CInterfaceMission::NewMission(class std::basic_string<char,struct std::char_traits<char>,class std::allocator<char> > const &,bool)" (?NewMission@CInterfaceMission@@QAE_NABV?$basic_string@DU?$char_traits@D@std@@V?$allocator@D@2@@std@@_N@Z)
MinimapCreation.obj : error LNK2001: unresolved external symbol "public: void __thiscall CMapInfo::FillDefaultDiplomacies(void)" (?FillDefaultDiplomacies@CMapInfo@@QAEXXZ)
iMissionInternal.obj : error LNK2019: unresolved external symbol "public: bool __thiscall CMapInfo::IsValid(void)" (?IsValid@CMapInfo@@QAE_NXZ) referenced in function "public: bool __thiscall CInterfaceMission::NewMission(class std::basic_string<char,struct std::char_traits<char>,class std::allocator<char> > const &,bool)" (?NewMission@CInterfaceMission@@QAE_NABV?$basic_string@DU?$char_traits@D@std@@V?$allocator@D@2@@std@@_N@Z)
iMissionInternal.obj : error LNK2001: unresolved external symbol "public: virtual int __stdcall CMapInfo::operator&(struct IStructureSaver &)" (??ICMapInfo@@UAGHAAUIStructureSaver@@@Z)
MinimapCreation.obj : error LNK2001: unresolved external symbol "public: virtual int __stdcall CMapInfo::operator&(struct IStructureSaver &)" (??ICMapInfo@@UAGHAAUIStructureSaver@@@Z)
iMissionInternal.obj : error LNK2019: unresolved external symbol "public: virtual int __stdcall CMapInfo::operator&(struct IDataTree &)" (??ICMapInfo@@UAGHAAUIDataTree@@@Z) referenced in function "public: bool __thiscall CInterfaceMission::NewMission(class std::basic_string<char,struct std::char_traits<char>,class std::allocator<char> > const &,bool)" (?NewMission@CInterfaceMission@@QAE_NABV?$basic_string@DU?$char_traits@D@std@@V?$allocator@D@2@@std@@_N@Z)
MinimapCreation.obj : error LNK2001: unresolved external symbol "public: virtual int __stdcall CMapInfo::operator&(struct IDataTree &)" (??ICMapInfo@@UAGHAAUIDataTree@@@Z)
iMissionInternal.obj : error LNK2019: unresolved external symbol "public: void __thiscall CMapInfo::UnpackFrameIndices(void)" (?UnpackFrameIndices@CMapInfo@@QAEXXZ) referenced in function "public: bool __thiscall CInterfaceMission::NewMission(class std::basic_string<char,struct std::char_traits<char>,class std::allocator<char> > const &,bool)" (?NewMission@CInterfaceMission@@QAE_NABV?$basic_string@DU?$char_traits@D@std@@V?$allocator@D@2@@std@@_N@Z)
MinimapCreation.obj : error LNK2001: unresolved external symbol "public: void __thiscall CMapInfo::UnpackFrameIndices(void)" (?UnpackFrameIndices@CMapInfo@@QAEXXZ)
iMissionInternal.obj : error LNK2019: unresolved external symbol "public: bool __thiscall CMapInfo::CreateMiniMapImage(class std::vector<struct SRMImageCreateParameter,class std::allocator<struct SRMImageCreateParameter> > const &,struct IProgressHook *)" (?CreateMiniMapImage@CMapInfo@@QAE_NABV?$vector@USRMImageCreateParameter@@V?$allocator@USRMImageCreateParameter@@@std@@@std@@PAUIProgressHook@@@Z) referenced in function "public: bool __thiscall CInterfaceMission::NewMission(class std::basic_string<char,struct std::char_traits<char>,class std::allocator<char> > const &,bool)" (?NewMission@CInterfaceMission@@QAE_NABV?$basic_string@DU?$char_traits@D@std@@V?$allocator@D@2@@std@@_N@Z)
MinimapCreation.obj : error LNK2001: unresolved external symbol "public: bool __thiscall CMapInfo::CreateMiniMapImage(class std::vector<struct SRMImageCreateParameter,class std::allocator<struct SRMImageCreateParameter> > const &,struct IProgressHook *)" (?CreateMiniMapImage@CMapInfo@@QAE_NABV?$vector@USRMImageCreateParameter@@V?$allocator@USRMImageCreateParameter@@@std@@@std@@PAUIProgressHook@@@Z)
iMissionInternal.obj : error LNK2019: unresolved external symbol "public: bool __thiscall CMapInfo::AddSounds(class std::vector<struct CMapSoundInfo,class std::allocator<struct CMapSoundInfo> > *,unsigned long)" (?AddSounds@CMapInfo@@QAE_NPAV?$vector@UCMapSoundInfo@@V?$allocator@UCMapSoundInfo@@@std@@@std@@K@Z) referenced in function "public: bool __thiscall CInterfaceMission::NewMission(class std::basic_string<char,struct std::char_traits<char>,class std::allocator<char> > const &,bool)" (?NewMission@CInterfaceMission@@QAE_NABV?$basic_string@DU?$char_traits@D@std@@V?$allocator@D@2@@std@@_N@Z)
iMissionInternal.obj : error LNK2001: unresolved external symbol "public: static unsigned long const CMapInfo::SOUND_TYPE_BITS_RIVERS" (?SOUND_TYPE_BITS_RIVERS@CMapInfo@@2KB)
PlayMovieInterface.obj : error LNK2019: unresolved external symbol "double __cdecl NHPTimer::GetClockRate(void)" (?GetClockRate@NHPTimer@@YANXZ) referenced in function "private: bool __thiscall CPlayMovieInterface::PlayMovie(void)" (?PlayMovie@CPlayMovieInterface@@AAE_NXZ)
BaseList.obj : error LNK2019: unresolved external symbol "void __cdecl NStr::SetCodePage(int)" (?SetCodePage@NStr@@YAXH@Z) referenced in function "public: virtual bool __stdcall CInterfaceBaseList::Init(void)" (?Init@CInterfaceBaseList@@UAG_NXZ)
CutsceneList.obj : error LNK2001: unresolved external symbol "void __cdecl NStr::SetCodePage(int)" (?SetCodePage@NStr@@YAXH@Z)
LoadMission.obj : error LNK2001: unresolved external symbol "void __cdecl NStr::SetCodePage(int)" (?SetCodePage@NStr@@YAXH@Z)
CustomMission.obj : error LNK2001: unresolved external symbol "char const * const RMGC_QUICK_LOAD_MAP_INFO_NAME" (?RMGC_QUICK_LOAD_MAP_INFO_NAME@@3PBDB)
UIMapInfo.obj : error LNK2001: unresolved external symbol "char const * const RMGC_QUICK_LOAD_MAP_INFO_NAME" (?RMGC_QUICK_LOAD_MAP_INFO_NAME@@3PBDB)
CustomMission.obj : error LNK2001: unresolved external symbol "int const RMGC_QUICK_LOAD_MAP_INFO_CHUNK_NUMBER" (?RMGC_QUICK_LOAD_MAP_INFO_CHUNK_NUMBER@@3HB)
UIMapInfo.obj : error LNK2001: unresolved external symbol "int const RMGC_QUICK_LOAD_MAP_INFO_CHUNK_NUMBER" (?RMGC_QUICK_LOAD_MAP_INFO_CHUNK_NUMBER@@3HB)
IMSaveMission.obj : error LNK2019: unresolved external symbol "void __cdecl NStr::TrimRight(class std::basic_string<char,struct std::char_traits<char>,class std::allocator<char> > &,char const *)" (?TrimRight@NStr@@YAXAAV?$basic_string@DU?$char_traits@D@std@@V?$allocator@D@2@@std@@PBD@Z) referenced in function "protected: virtual bool __thiscall CInterfaceIMSaveMission::OnOk(void)" (?OnOk@CInterfaceIMSaveMission@@MAE_NXZ)
SaveMission.obj : error LNK2001: unresolved external symbol "void __cdecl NStr::TrimRight(class std::basic_string<char,struct std::char_traits<char>,class std::allocator<char> > &,char const *)" (?TrimRight@NStr@@YAXAAV?$basic_string@DU?$char_traits@D@std@@V?$allocator@D@2@@std@@PBD@Z)
MessageReactionSerialize.obj : error LNK2019: unresolved external symbol "class CInterfaceScreenBase * __cdecl CastToUserObjectImpl<class CInterfaceScreenBase>(struct IRefCount *,class CInterfaceScreenBase *,void *)" (??$CastToUserObjectImpl@VCInterfaceScreenBase@@@@YAPAVCInterfaceScreenBase@@PAUIRefCount@@PAV0@PAX@Z) referenced in function "public: virtual int __stdcall CMessageLinkContainer::operator&(struct IStructureSaver &)" (??ICMessageLinkContainer@@UAGHAAUIStructureSaver@@@Z)
MessageReactionSerialize.obj : error LNK2019: unresolved external symbol "struct IRefCount * __cdecl CastToRefCountImpl<class CInterfaceScreenBase>(class CInterfaceScreenBase *,void *)" (??$CastToRefCountImpl@VCInterfaceScreenBase@@@@YAPAUIRefCount@@PAVCInterfaceScreenBase@@PAX@Z) referenced in function "public: virtual int __stdcall CMessageLinkContainer::operator&(struct IStructureSaver &)" (??ICMessageLinkContainer@@UAGHAAUIStructureSaver@@@Z)
MissionObjectFactory.obj : error LNK2001: unresolved external symbol "public: virtual struct IRefCount * __stdcall CBasicObjectFactory::CreateObject(int)" (?CreateObject@CBasicObjectFactory@@UAGPAUIRefCount@@H@Z)
MissionObjectFactory.obj : error LNK2019: unresolved external symbol "public: virtual void __stdcall CBasicObjectFactory::RegisterType(int,struct IRefCount * (__stdcall*)(void))" (?RegisterType@CBasicObjectFactory@@UAGXHP6GPAUIRefCount@@XZ@Z) referenced in function "public: __thiscall CMissionObjectFactory::CMissionObjectFactory(void)" (??0CMissionObjectFactory@@QAE@XZ)
MissionObjectFactory.obj : error LNK2001: unresolved external symbol "public: virtual void __stdcall CBasicObjectFactory::Aggregate(struct IObjectFactory *)" (?Aggregate@CBasicObjectFactory@@UAGXPAUIObjectFactory@@@Z)
MissionObjectFactory.obj : error LNK2001: unresolved external symbol "public: virtual void __stdcall CBasicObjectFactory::GetKnownTypes(struct SObjectFactoryTypeInfo *,int)" (?GetKnownTypes@CBasicObjectFactory@@UAGXPAUSObjectFactoryTypeInfo@@H@Z)
MissionObjectFactory.obj : error LNK2001: unresolved external symbol "public: virtual int __stdcall SMapObject::operator&(struct IStructureSaver &)" (??ISMapObject@@UAGHAAUIStructureSaver@@@Z)
MissionObjectFactory.obj : error LNK2001: unresolved external symbol "public: virtual int __stdcall SBridgeSpanObject::operator&(struct IStructureSaver &)" (??ISBridgeSpanObject@@UAGHAAUIStructureSaver@@@Z)
MissionObjectFactory.obj : error LNK2019: unresolved external symbol "public: void __thiscall CWorldBase::Start(void)" (?Start@CWorldBase@@QAEXXZ) referenced in function "private: virtual void __stdcall CWorldClientBridge::Start(void)" (?Start@CWorldClientBridge@@EAGXXZ)
MissionObjectFactory.obj : error LNK2019: unresolved external symbol "public: void __thiscall CWorldBase::MoveObject(struct IVisObj *,class CVec3 const &)" (?MoveObject@CWorldBase@@QAEXPAUIVisObj@@ABVCVec3@@@Z) referenced in function "private: virtual void __stdcall CWorldClientBridge::MoveObject(struct IVisObj *,class CVec3 const &)" (?MoveObject@CWorldClientBridge@@EAGXPAUIVisObj@@ABVCVec3@@@Z)
MissionObjectFactory.obj : error LNK2001: unresolved external symbol "public: virtual int __stdcall CMOObject::operator&(struct IStructureSaver &)" (??ICMOObject@@UAGHAAUIStructureSaver@@@Z)
MissionObjectFactory.obj : error LNK2001: unresolved external symbol "public: virtual bool __stdcall CMOObject::Create(struct IRefCount *,struct SGDBObjectDesc const *,int,int,float,struct IVisObjBuilder *,struct IObjectsDB *)" (?Create@CMOObject@@UAG_NPAUIRefCount@@PBUSGDBObjectDesc@@HHMPAUIVisObjBuilder@@PAUIObjectsDB@@@Z)
MissionObjectFactory.obj : error LNK2001: unresolved external symbol "public: virtual void __stdcall CMOObject::SetPlacement(class CVec3 const &,unsigned short const &)" (?SetPlacement@CMOObject@@UAGXABVCVec3@@ABG@Z)
MissionObjectFactory.obj : error LNK2001: unresolved external symbol "public: virtual void __stdcall CMOObject::GetPlacement(class CVec3 *,unsigned short *)" (?GetPlacement@CMOObject@@UAGXPAVCVec3@@PAG@Z)
MissionObjectFactory.obj : error LNK2001: unresolved external symbol "public: virtual void __stdcall CMOObject::GetStatus(struct SMissionStatusObject *)const " (?GetStatus@CMOObject@@UBGXPAUSMissionStatusObject@@@Z)
MissionObjectFactory.obj : error LNK2001: unresolved external symbol "public: virtual void __stdcall CMOObject::GetActions(class CUserActions *,enum IMapObj::EActionsType)const " (?GetActions@CMOObject@@UBGXPAVCUserActions@@W4EActionsType@IMapObj@@@Z)
MissionObjectFactory.obj : error LNK2001: unresolved external symbol "public: virtual void __stdcall CMOObject::AIUpdatePlacement(struct SAINotifyPlacement const &,unsigned long const &,struct IScene *)" (?AIUpdatePlacement@CMOObject@@UAGXABUSAINotifyPlacement@@ABKPAUIScene@@@Z)
MissionObjectFactory.obj : error LNK2001: unresolved external symbol "public: virtual bool __stdcall CMOObject::AIUpdateRPGStats(struct SAINotifyRPGStats const &,struct IVisObjBuilder *,struct IScene *)" (?AIUpdateRPGStats@CMOObject@@UAG_NABUSAINotifyRPGStats@@PAUIVisObjBuilder@@PAUIScene@@@Z)
MissionObjectFactory.obj : error LNK2001: unresolved external symbol "public: virtual int __stdcall CMOObject::AIUpdateActions(struct SAINotifyAction const &,unsigned long const &,struct IVisObjBuilder *,struct IScene *,struct IClientAckManager *)" (?AIUpdateActions@CMOObject@@UAGHABUSAINotifyAction@@ABKPAUIVisObjBuilder@@PAUIScene@@PAUIClientAckManager@@@Z)
MissionObjectFactory.obj : error LNK2001: unresolved external symbol "public: virtual void __stdcall CMOObject::AIUpdateHit(struct SAINotifyHitInfo const &,unsigned long const &,struct IScene *,struct IVisObjBuilder *)" (?AIUpdateHit@CMOObject@@UAGXABUSAINotifyHitInfo@@ABKPAUIScene@@PAUIVisObjBuilder@@@Z)
MissionObjectFactory.obj : error LNK2001: unresolved external symbol "public: virtual void __stdcall CMOObject::Visit(struct IMapObjVisitor *)" (?Visit@CMOObject@@UAGXPAUIMapObjVisitor@@@Z)
MissionObjectFactory.obj : error LNK2019: unresolved external symbol "private: __thiscall CMOUnitMechanical::CMOUnitMechanical(void)" (??0CMOUnitMechanical@@AAE@XZ) referenced in function "public: static struct IRefCount * __stdcall CMOUnitMechanical::CreateNewClassInstanceInternal(void)" (?CreateNewClassInstanceInternal@CMOUnitMechanical@@SGPAUIRefCount@@XZ)
MissionObjectFactory.obj : error LNK2019: unresolved external symbol "public: __thiscall CMOUnitInfantry::CMOUnitInfantry(void)" (??0CMOUnitInfantry@@QAE@XZ) referenced in function "public: static struct IRefCount * __stdcall CMOUnitInfantry::CreateNewClassInstanceInternal(void)" (?CreateNewClassInstanceInternal@CMOUnitInfantry@@SGPAUIRefCount@@XZ)
MissionObjectFactory.obj : error LNK2019: unresolved external symbol "public: __thiscall CMOProjectile::CMOProjectile(void)" (??0CMOProjectile@@QAE@XZ) referenced in function "public: static struct IRefCount * __stdcall CMOProjectile::CreateNewClassInstanceInternal(void)" (?CreateNewClassInstanceInternal@CMOProjectile@@SGPAUIRefCount@@XZ)
MissionObjectFactory.obj : error LNK2001: unresolved external symbol "public: virtual int __stdcall CMOBuilding::operator&(struct IStructureSaver &)" (??ICMOBuilding@@UAGHAAUIStructureSaver@@@Z)
MissionObjectFactory.obj : error LNK2019: unresolved external symbol "private: virtual __thiscall CMOBuilding::~CMOBuilding(void)" (??1CMOBuilding@@EAE@XZ) referenced in function "private: virtual void * __thiscall CMOBuilding::`scalar deleting destructor'(unsigned int)" (??_GCMOBuilding@@EAEPAXI@Z)
MissionObjectFactory.obj : error LNK2001: unresolved external symbol "public: virtual bool __stdcall CMOBuilding::Create(struct IRefCount *,struct SGDBObjectDesc const *,int,int,float,struct IVisObjBuilder *,struct IObjectsDB *)" (?Create@CMOBuilding@@UAG_NPAUIRefCount@@PBUSGDBObjectDesc@@HHMPAUIVisObjBuilder@@PAUIObjectsDB@@@Z)
MissionObjectFactory.obj : error LNK2001: unresolved external symbol "public: virtual void __stdcall CMOBuilding::SetPlacement(class CVec3 const &,unsigned short const &)" (?SetPlacement@CMOBuilding@@UAGXABVCVec3@@ABG@Z)
MissionObjectFactory.obj : error LNK2001: unresolved external symbol "public: virtual void __stdcall CMOBuilding::GetPlacement(class CVec3 *,unsigned short *)" (?GetPlacement@CMOBuilding@@UAGXPAVCVec3@@PAG@Z)
MissionObjectFactory.obj : error LNK2001: unresolved external symbol "public: virtual void __stdcall CMOBuilding::GetStatus(struct SMissionStatusObject *)const " (?GetStatus@CMOBuilding@@UBGXPAUSMissionStatusObject@@@Z)
MissionObjectFactory.obj : error LNK2001: unresolved external symbol "public: virtual void __stdcall CMOBuilding::Select(struct ISelector *,bool,bool)" (?Select@CMOBuilding@@UAGXPAUISelector@@_N1@Z)
MissionObjectFactory.obj : error LNK2001: unresolved external symbol "public: virtual bool __stdcall CMOBuilding::Load(struct IMOUnit *,bool)" (?Load@CMOBuilding@@UAG_NPAUIMOUnit@@_N@Z)
MissionObjectFactory.obj : error LNK2001: unresolved external symbol "public: virtual void __stdcall CMOBuilding::UpdatePassangers(void)" (?UpdatePassangers@CMOBuilding@@UAGXXZ)
MissionObjectFactory.obj : error LNK2001: unresolved external symbol "public: virtual int __stdcall CMOBuilding::GetPassangers(struct IMOUnit * *,bool)const " (?GetPassangers@CMOBuilding@@UBGHPAPAUIMOUnit@@_N@Z)
MissionObjectFactory.obj : error LNK2001: unresolved external symbol "public: virtual void __stdcall CMOBuilding::GetActions(class CUserActions *,enum IMapObj::EActionsType)const " (?GetActions@CMOBuilding@@UBGXPAVCUserActions@@W4EActionsType@IMapObj@@@Z)
MissionObjectFactory.obj : error LNK2001: unresolved external symbol "public: virtual int __stdcall CMOBuilding::AIUpdateActions(struct SAINotifyAction const &,unsigned long const &,struct IVisObjBuilder *,struct IScene *,struct IClientAckManager *)" (?AIUpdateActions@CMOBuilding@@UAGHABUSAINotifyAction@@ABKPAUIVisObjBuilder@@PAUIScene@@PAUIClientAckManager@@@Z)
MissionObjectFactory.obj : error LNK2001: unresolved external symbol "public: virtual void __stdcall CMOBuilding::AIUpdatePlacement(struct SAINotifyPlacement const &,unsigned long const &,struct IScene *)" (?AIUpdatePlacement@CMOBuilding@@UAGXABUSAINotifyPlacement@@ABKPAUIScene@@@Z)
MissionObjectFactory.obj : error LNK2001: unresolved external symbol "public: virtual bool __stdcall CMOBuilding::AIUpdateRPGStats(struct SAINotifyRPGStats const &,struct IVisObjBuilder *,struct IScene *)" (?AIUpdateRPGStats@CMOBuilding@@UAG_NABUSAINotifyRPGStats@@PAUIVisObjBuilder@@PAUIScene@@@Z)
MissionObjectFactory.obj : error LNK2001: unresolved external symbol "public: virtual bool __stdcall CMOBuilding::AIUpdateDiplomacy(struct SAINotifyDiplomacy const &)" (?AIUpdateDiplomacy@CMOBuilding@@UAG_NABUSAINotifyDiplomacy@@@Z)
MissionObjectFactory.obj : error LNK2001: unresolved external symbol "public: virtual void __stdcall CMOBuilding::AIUpdateHit(struct SAINotifyHitInfo const &,unsigned long const &,struct IScene *,struct IVisObjBuilder *)" (?AIUpdateHit@CMOBuilding@@UAGXABUSAINotifyHitInfo@@ABKPAUIScene@@PAUIVisObjBuilder@@@Z)
MissionObjectFactory.obj : error LNK2001: unresolved external symbol "public: virtual void __stdcall CMOBuilding::AIUpdateShot(struct SAINotifyBaseShot const &,unsigned long const &,struct IVisObjBuilder *,struct IScene *)" (?AIUpdateShot@CMOBuilding@@UAGXABUSAINotifyBaseShot@@ABKPAUIVisObjBuilder@@PAUIScene@@@Z)
MissionObjectFactory.obj : error LNK2001: unresolved external symbol "public: virtual void __stdcall CMOBuilding::Visit(struct IMapObjVisitor *)" (?Visit@CMOBuilding@@UAGXPAUIMapObjVisitor@@@Z)
MissionObjectFactory.obj : error LNK2001: unresolved external symbol "public: virtual int __stdcall CMOBridgeSpan::operator&(struct IStructureSaver &)" (??ICMOBridgeSpan@@UAGHAAUIStructureSaver@@@Z)
MissionObjectFactory.obj : error LNK2001: unresolved external symbol "public: virtual bool __stdcall CMOBridgeSpan::Create(struct IRefCount *,struct SGDBObjectDesc const *,int,int,float,struct IVisObjBuilder *,struct IObjectsDB *)" (?Create@CMOBridgeSpan@@UAG_NPAUIRefCount@@PBUSGDBObjectDesc@@HHMPAUIVisObjBuilder@@PAUIObjectsDB@@@Z)
MissionObjectFactory.obj : error LNK2001: unresolved external symbol "public: virtual void __stdcall CMOBridgeSpan::SetPlacement(class CVec3 const &,unsigned short const &)" (?SetPlacement@CMOBridgeSpan@@UAGXABVCVec3@@ABG@Z)
MissionObjectFactory.obj : error LNK2001: unresolved external symbol "public: virtual void __stdcall CMOBridgeSpan::GetPlacement(class CVec3 *,unsigned short *)" (?GetPlacement@CMOBridgeSpan@@UAGXPAVCVec3@@PAG@Z)
MissionObjectFactory.obj : error LNK2001: unresolved external symbol "public: virtual struct SGDBObjectDesc const * __stdcall CMOBridgeSpan::GetDesc(void)const " (?GetDesc@CMOBridgeSpan@@UBGPBUSGDBObjectDesc@@XZ)
MissionObjectFactory.obj : error LNK2001: unresolved external symbol "public: virtual struct SHPObjectRPGStats const * __stdcall CMOBridgeSpan::GetRPG(void)const " (?GetRPG@CMOBridgeSpan@@UBGPBUSHPObjectRPGStats@@XZ)
MissionObjectFactory.obj : error LNK2001: unresolved external symbol "public: virtual struct IRefCount * __stdcall CMOBridgeSpan::GetAIObj(void)" (?GetAIObj@CMOBridgeSpan@@UAGPAUIRefCount@@XZ)
MissionObjectFactory.obj : error LNK2001: unresolved external symbol "public: virtual struct IRefCount * __stdcall CMOBridgeSpan::GetParentAIObj(void)" (?GetParentAIObj@CMOBridgeSpan@@UAGPAUIRefCount@@XZ)
MissionObjectFactory.obj : error LNK2001: unresolved external symbol "public: virtual bool __stdcall CMOBridgeSpan::CanSelect(void)const " (?CanSelect@CMOBridgeSpan@@UBG_NXZ)
MissionObjectFactory.obj : error LNK2001: unresolved external symbol "public: virtual void __stdcall CMOBridgeSpan::GetStatus(struct SMissionStatusObject *)const " (?GetStatus@CMOBridgeSpan@@UBGXPAUSMissionStatusObject@@@Z)
MissionObjectFactory.obj : error LNK2001: unresolved external symbol "public: virtual void __stdcall CMOBridgeSpan::GetActions(class CUserActions *,enum IMapObj::EActionsType)const " (?GetActions@CMOBridgeSpan@@UBGXPAVCUserActions@@W4EActionsType@IMapObj@@@Z)
MissionObjectFactory.obj : error LNK2001: unresolved external symbol "public: virtual void __stdcall CMOBridgeSpan::AIUpdatePlacement(struct SAINotifyPlacement const &,unsigned long const &,struct IScene *)" (?AIUpdatePlacement@CMOBridgeSpan@@UAGXABUSAINotifyPlacement@@ABKPAUIScene@@@Z)
MissionObjectFactory.obj : error LNK2001: unresolved external symbol "public: virtual bool __stdcall CMOBridgeSpan::AIUpdateRPGStats(struct SAINotifyRPGStats const &,struct IVisObjBuilder *,struct IScene *)" (?AIUpdateRPGStats@CMOBridgeSpan@@UAG_NABUSAINotifyRPGStats@@PAUIVisObjBuilder@@PAUIScene@@@Z)
MissionObjectFactory.obj : error LNK2001: unresolved external symbol "public: virtual void __stdcall CMOBridgeSpan::AIUpdateHit(struct SAINotifyHitInfo const &,unsigned long const &,struct IScene *,struct IVisObjBuilder *)" (?AIUpdateHit@CMOBridgeSpan@@UAGXABUSAINotifyHitInfo@@ABKPAUIScene@@PAUIVisObjBuilder@@@Z)
MissionObjectFactory.obj : error LNK2001: unresolved external symbol "public: virtual void __stdcall CMOBridgeSpan::Visit(struct IMapObjVisitor *)" (?Visit@CMOBridgeSpan@@UAGXPAUIMapObjVisitor@@@Z)
MissionObjectFactory.obj : error LNK2019: unresolved external symbol "private: __thiscall CMOSquad::CMOSquad(void)" (??0CMOSquad@@AAE@XZ) referenced in function "public: static struct IRefCount * __stdcall CMOSquad::CreateNewClassInstanceInternal(void)" (?CreateNewClassInstanceInternal@CMOSquad@@SGPAUIRefCount@@XZ)
MissionObjectFactory.obj : error LNK2001: unresolved external symbol "public: virtual int __stdcall CMOEntrenchmentSegment::operator&(struct IStructureSaver &)" (??ICMOEntrenchmentSegment@@UAGHAAUIStructureSaver@@@Z)
MissionObjectFactory.obj : error LNK2001: unresolved external symbol "public: virtual bool __stdcall CMOEntrenchmentSegment::Create(struct IRefCount *,struct SGDBObjectDesc const *,int,int,float,struct IVisObjBuilder *,struct IObjectsDB *)" (?Create@CMOEntrenchmentSegment@@UAG_NPAUIRefCount@@PBUSGDBObjectDesc@@HHMPAUIVisObjBuilder@@PAUIObjectsDB@@@Z)
MissionObjectFactory.obj : error LNK2001: unresolved external symbol "public: virtual void __stdcall CMOEntrenchmentSegment::SetPlacement(class CVec3 const &,unsigned short const &)" (?SetPlacement@CMOEntrenchmentSegment@@UAGXABVCVec3@@ABG@Z)
MissionObjectFactory.obj : error LNK2001: unresolved external symbol "public: virtual void __stdcall CMOEntrenchmentSegment::GetPlacement(class CVec3 *,unsigned short *)" (?GetPlacement@CMOEntrenchmentSegment@@UAGXPAVCVec3@@PAG@Z)
MissionObjectFactory.obj : error LNK2001: unresolved external symbol "public: virtual void __stdcall CMOEntrenchmentSegment::GetStatus(struct SMissionStatusObject *)const " (?GetStatus@CMOEntrenchmentSegment@@UBGXPAUSMissionStatusObject@@@Z)
MissionObjectFactory.obj : error LNK2001: unresolved external symbol "public: virtual void __stdcall CMOEntrenchmentSegment::GetActions(class CUserActions *,enum IMapObj::EActionsType)const " (?GetActions@CMOEntrenchmentSegment@@UBGXPAVCUserActions@@W4EActionsType@IMapObj@@@Z)
MissionObjectFactory.obj : error LNK2001: unresolved external symbol "public: virtual void __stdcall CMOEntrenchmentSegment::AIUpdatePlacement(struct SAINotifyPlacement const &,unsigned long const &,struct IScene *)" (?AIUpdatePlacement@CMOEntrenchmentSegment@@UAGXABUSAINotifyPlacement@@ABKPAUIScene@@@Z)
MissionObjectFactory.obj : error LNK2001: unresolved external symbol "public: virtual bool __stdcall CMOEntrenchmentSegment::AIUpdateRPGStats(struct SAINotifyRPGStats const &,struct IVisObjBuilder *,struct IScene *)" (?AIUpdateRPGStats@CMOEntrenchmentSegment@@UAG_NABUSAINotifyRPGStats@@PAUIVisObjBuilder@@PAUIScene@@@Z)
MissionObjectFactory.obj : error LNK2001: unresolved external symbol "public: virtual void __stdcall CMOEntrenchmentSegment::AIUpdateHit(struct SAINotifyHitInfo const &,unsigned long const &,struct IScene *,struct IVisObjBuilder *)" (?AIUpdateHit@CMOEntrenchmentSegment@@UAGXABUSAINotifyHitInfo@@ABKPAUIScene@@PAUIVisObjBuilder@@@Z)
MissionObjectFactory.obj : error LNK2001: unresolved external symbol "public: virtual void __stdcall CMOEntrenchmentSegment::Visit(struct IMapObjVisitor *)" (?Visit@CMOEntrenchmentSegment@@UAGXPAUIMapObjVisitor@@@Z)
MinimapCreation.obj : error LNK2001: unresolved external symbol "public: static float const SRMImageCreateParameter::INTERMISSION_IMAGE_BRIGHTNESS" (?INTERMISSION_IMAGE_BRIGHTNESS@SRMImageCreateParameter@@2MB)
MinimapCreation.obj : error LNK2001: unresolved external symbol "public: static float const SRMImageCreateParameter::INTERMISSION_IMAGE_CONSTRAST" (?INTERMISSION_IMAGE_CONSTRAST@SRMImageCreateParameter@@2MB)
MinimapCreation.obj : error LNK2001: unresolved external symbol "public: static float const SRMImageCreateParameter::INTERMISSION_IMAGE_GAMMA" (?INTERMISSION_IMAGE_GAMMA@SRMImageCreateParameter@@2MB)
.\Release\GameTT.dll : fatal error LNK1120: 158 unresolved externals
